AccusedMasterID,CaseMasterID,AccusedName,AgeYear,GenderID,PersonID,_pool_id
1,1,Nirja Prabhu,32,M,A1,42
2,2,Qasim Andra,29,M,A1,505
3,2,Yashasvi Vaidya,15,M,A2,53
4,3,Faqid Kumar,27,M,A1,185
5,4,Hredhaan Mann,41,M,A1,109
6,5,Nathaniel Devi,35,M,A1,253
7,5,Bahadurjit Amble,35,M,A2,137
8,6,Ekta Suri,50,M,A1,469
9,7,Janaki Mander,15,M,A1,434
10,7,Gautam Hari,19,M,A2,261
11,8,Nirja Mistry,32,M,A1,504
12,9,Ekapad Dora,20,M,A1,516
13,10,Viraj Nadig,34,M,A1,92
14,11,Bhavini Bakshi,15,F,A1,313
15,11,Tara Krish,32,M,A2,324
16,12,Anusha Pingle,28,M,A1,372
17,13,Tejas Bera,23,M,A1,458
18,14,Isaiah More,24,M,A1,116
19,15,Yashica Saraf,42,M,A1,347
20,16,Bakhshi Kari,26,M,A1,203
21,16,Arin Gola,31,M,A2,46
22,17,Jagat Kapur,29,M,A1,286
23,18,Laban Roy,16,M,A1,186
24,19,Ridhi Wason,28,M,A1,200
25,19,Dev Ramachandran,21,M,A2,151
26,20,Hemal Bala,28,M,A1,219
27,21,Shivansh Parekh,19,M,A1,246
28,22,Warjas Gupta,41,M,A1,515
29,23,Devansh Radhakrishnan,35,M,A1,172
30,24,Nathaniel Devi,35,M,A1,253
31,25,Ranveer Bhat,24,M,A1,258
32,26,Onkar Mall,30,M,A1,363
33,27,Harrison Bhagat,19,M,A1,373
34,28,Frederick Brahmbhatt,33,M,A1,27
35,28,Lipika Shere,38,M,A2,266
36,29,Naksh Brahmbhatt,30,M,A1,386
37,29,Yatin Rajan,23,M,A2,279
38,30,Leela Parikh,20,T,A1,38
39,31,Vinaya More,38,M,A1,183
40,32,Fiyaz Mani,31,M,A1,143
41,33,Eta Loyal,28,M,A1,413
42,33,Victor Modi,24,M,A2,164
43,34,Prisha Khare,17,M,A1,401
44,34,Faras Rau,15,M,A2,208
45,35,Nachiket Bose,37,M,A1,4
46,36,Banjeet Sule,31,M,A1,8
47,37,Leela Parikh,20,T,A1,38
48,38,Aarav Dalal,43,M,A1,10
49,39,Ekta Kata,46,M,A1,419
50,40,Ekalinga Savant,15,M,A1,423
51,40,Eta Loyal,28,M,A2,413
52,41,Qasim Loke,42,M,A1,478
53,42,Mohammed Krishna,28,M,A1,123
54,43,Mohammed Krishna,28,M,A1,123
55,44,Daniel Sachdev,15,M,A1,436
56,44,Chaitaly Chaudhry,35,M,A2,282
57,45,Priya Lad,18,M,A1,138
58,46,Yatin Mohan,20,F,A1,281
59,47,Hardik Bhardwaj,27,M,A1,446
60,48,Kala Iyengar,29,M,A1,311
61,49,Vivaan Johal,32,M,A1,270
62,49,Faras Bhatti,40,M,A2,357
63,50,Priya Bajwa,32,M,A1,75
64,51,Vinaya More,38,M,A1,183
65,52,Aarav Bandi,36,M,A1,394
66,53,Ridhi Wason,28,M,A1,200
67,54,Kala Iyengar,29,M,A1,311
68,55,Vasudha Mand,15,M,A1,60
69,56,Harrison Savant,29,M,A1,101
70,57,Nidhi Nayar,15,M,A1,25
71,58,Anya Mukherjee,45,M,A1,235
72,59,Qasim Andra,29,M,A1,505
73,60,Krishna Venkatesh,35,M,A1,421
74,61,Udant Kala,32,M,A1,155
75,62,Thomas Dugar,15,M,A1,417
76,63,Warjas Gupta,41,M,A1,515
77,63,Eta Kaul,25,M,A2,380
78,64,Bakhshi Prakash,33,F,A1,287
79,65,Sachi Lalla,41,M,A1,355
80,66,Harrison Bhagat,19,M,A1,373
81,66,Samuel Vala,29,M,A2,494
82,67,Dhriti Halder,26,M,A1,290
83,68,Kala Iyengar,29,M,A1,311
84,69,Logan Trivedi,35,M,A1,189
85,70,Tejas Bera,23,M,A1,458
86,71,Abdul Baria,15,M,A1,217
87,71,Pratyush Dugar,22,M,A2,221
88,72,Faras Jha,28,M,A1,71
89,72,Harrison Savant,29,M,A2,101
90,73,Tara Krish,32,M,A1,324
91,74,Kritika Brar,33,M,A1,358
92,75,Mohammed Krishna,28,M,A1,123
93,76,Samarth Sharaf,43,M,A1,93
94,76,Viraj Nadig,34,M,A2,92
95,77,Wazir Chandran,26,M,A1,13
96,78,Anjali Kale,32,M,A1,242
97,79,Naksh Brahmbhatt,30,M,A1,386
98,80,Indira Dugar,46,M,A1,471
99,80,Eta Kaul,25,M,A2,380
100,81,Widisha Shenoy,30,M,A1,34
101,82,Udarsh Din,25,M,A1,12
102,83,Hredhaan Mann,41,M,A1,109
103,84,Upma Madan,38,M,A1,238
104,85,Ayushman Kade,38,M,A1,331
105,86,Chanchal Date,17,M,A1,263
106,87,Yutika Biswas,26,M,A1,230
107,88,Upma Madan,38,M,A1,238
108,89,Faras Jha,28,M,A1,71
109,90,Leela Parikh,20,T,A1,38
110,91,Fiyaz Pandit,15,M,A1,178
111,92,Bahadurjit Amble,35,M,A1,137
112,93,Qasim Andra,29,M,A1,505
113,94,Megha Kari,38,M,A1,198
114,95,Nihal Devi,42,M,A1,418
115,96,Warjas Gupta,41,M,A1,515
116,97,Sara Rout,15,M,A1,28
117,98,Ikshita Ben,15,M,A1,69
118,99,Bahadurjit Amble,35,M,A1,137
119,99,Leela Parikh,20,T,A2,38
120,100,Balveer Gara,31,M,A1,378
121,101,Frado Vyas,21,M,A1,368
122,102,Anya Mukherjee,45,M,A1,235
123,103,Ikshita Ben,15,M,A1,69
124,104,Andrew Natarajan,34,M,A1,457
125,105,Chanchal Date,17,M,A1,263
126,106,Rajata Datta,30,M,A1,288
127,107,Chanakya Anne,27,M,A1,498
128,108,Nathaniel Devi,35,M,A1,253
129,109,Wakeeta Narang,27,M,A1,506
130,110,Vansha Jani,25,M,A1,437
131,110,Max Dey,15,M,A2,408
132,111,Bahadurjit Amble,35,M,A1,137
133,112,Yatin Modi,35,M,A1,51
134,112,Harrison Savant,29,M,A2,101
135,113,Tanay Char,23,F,A1,194
136,114,Fiyaz Madan,15,M,A1,114
137,115,Eesha Sane,22,M,A1,300
138,115,Ronith Mistry,18,M,A2,97
139,116,Yashica Saraf,42,M,A1,347
140,117,Adweta Mall,35,F,A1,519
141,118,Zehaan Mani,39,M,A1,135
142,119,Dhriti Halder,26,M,A1,290
143,120,Atharv Taneja,15,M,A1,124
144,121,Leena Bose,39,M,A1,215
145,122,Isha Chaudhary,33,M,A1,202
146,122,Hardik Bhardwaj,27,M,A2,446
147,123,Zehaan Mani,39,M,A1,135
148,124,Jason Jha,41,M,A1,474
149,125,Onkar Mall,30,M,A1,363
150,126,Eshana Bawa,30,M,A1,278
151,127,Ikbal Ramakrishnan,33,M,A1,78
152,128,Zaid Doshi,15,M,A1,349
153,129,Qarin Lad,29,M,A1,45
154,130,Pahal Buch,35,F,A1,1
155,131,Jagvi Saran,28,M,A1,104
156,132,Omkaar Srinivasan,32,M,A1,96
157,133,Ikbal Ramakrishnan,33,M,A1,78
158,134,Yash Misra,18,M,A1,154
159,134,Samuel Vala,29,M,A2,494
160,135,Nicholas Patel,29,M,A1,345
161,136,Fiyaz Pandit,15,M,A1,178
162,137,Janaki Mander,15,M,A1,434
163,138,Devansh Shanker,36,M,A1,70
164,139,Mohammed Wason,32,M,A1,472
165,140,Anya Mukherjee,45,M,A1,235
166,141,Omkaar Bose,26,M,A1,327
167,142,Pallavi Karnik,30,M,A1,499
168,143,Nachiket Bose,37,M,A1,4
169,144,Warjas Gupta,41,M,A1,515
170,144,Jacob Narang,36,M,A2,112
171,145,Raagini Pau,25,M,A1,397
172,146,Upkaar Sani,23,M,A1,329
173,147,Indira Dugar,46,M,A1,471
174,148,Odika Chhabra,15,F,A1,252
175,149,Isaiah Varkey,32,M,A1,484
176,150,Harrison Bhagat,19,M,A1,373
177,151,Hritik Wali,25,M,A1,14
178,152,Qasim Loke,42,M,A1,478
179,153,Udarsh Din,25,M,A1,12
180,154,Lipika Shere,38,M,A1,266
181,154,Pratyush Dugar,22,M,A2,221
182,155,Samar Sarma,35,M,A1,406
183,156,Devansh Radhakrishnan,35,M,A1,172
184,157,Samar Sarma,35,M,A1,406
185,158,Dev Ramachandran,21,M,A1,151
186,159,Abha Gole,29,T,A1,16
187,160,Onkar Mall,30,M,A1,363
188,161,Arunima Yadav,30,M,A1,74
189,162,Sai Pai,31,M,A1,11
190,163,Anya Mukherjee,45,M,A1,235
191,164,Megha Kari,38,M,A1,198
192,165,Nidhi Sharaf,30,M,A1,245
193,166,Pranav Sem,39,M,A1,298
194,167,Qasim Loke,42,M,A1,478
195,168,Qarin Prashad,16,M,A1,180
196,168,Jeet Ravi,19,M,A2,271
197,169,Lipika Shere,38,M,A1,266
198,170,Samar Kadakia,21,M,A1,405
199,170,Lipika Kaul,23,M,A2,488
200,171,Yutika Dhar,24,F,A1,491
201,171,Harrison Bhagat,19,M,A2,373
202,172,Dominic Tak,34,M,A1,241
203,173,Madhav Narula,34,M,A1,260
204,174,Gaurangi Iyengar,33,M,A1,55
205,175,Kritika Brar,33,M,A1,358
206,175,Pranav Sem,39,M,A2,298
207,176,Eesha Sane,22,M,A1,300
208,177,Turvi Ahluwalia,18,M,A1,146
209,178,Zehaan Mani,39,M,A1,135
210,178,Indira Dugar,46,M,A2,471
211,179,Hritik Wali,25,M,A1,14
212,180,Max Mittal,30,M,A1,459
213,181,Nidhi Nayar,15,M,A1,25
214,181,Balvan Mukherjee,30,F,A2,398
215,182,Anya Mukherjee,45,M,A1,235
216,182,Fiyaz Madan,15,M,A2,114
217,183,Qarin Kothari,33,M,A1,117
218,184,Chandani Naidu,17,M,A1,463
219,185,Onkar Oommen,32,M,A1,52
220,186,Advay Iyengar,31,M,A1,307
221,187,Megha Kari,38,M,A1,198
222,187,Bahadurjit Amble,35,M,A2,137
223,188,Dev Ramachandran,21,M,A1,151
224,189,Wakeeta Narang,27,M,A1,506
225,189,Riya Shroff,18,M,A2,430
226,190,Anjali Kale,32,M,A1,242
227,191,Warjas Gupta,41,M,A1,515
228,192,Hritik Wali,25,M,A1,14
229,192,Zayyan Singhal,23,M,A2,41
230,193,Yahvi Kant,20,M,A1,426
231,194,Eiravati Kumer,15,M,A1,82
232,194,Ekalinga Savant,15,M,A2,423
233,195,Gopal Thakur,24,M,A1,267
234,196,Ikbal Ramakrishnan,33,M,A1,78
235,197,Timothy Manne,16,M,A1,265
236,197,Pallavi Zacharia,35,F,A2,467
237,198,Harini Sahota,38,M,A1,29
238,199,Ryan Zachariah,20,M,A1,508
239,200,Nathaniel Goyal,40,M,A1,213
240,201,Kritika Brar,33,M,A1,358
241,202,Chatura Hans,15,M,A1,332
242,202,Manan Comar,35,M,A2,411
243,203,Nathaniel Devi,35,M,A1,253
244,204,Adweta Mall,35,F,A1,519
245,204,Bakhshi Prakash,33,F,A2,287
246,205,Fiyaz Pandit,15,M,A1,178
247,206,Aryan Menon,40,M,A1,239
248,207,Raagini Pau,25,M,A1,397
249,208,Tejas Bera,23,M,A1,458
250,209,Wakeeta Narang,27,M,A1,506
251,210,Aryan Menon,40,M,A1,239
252,210,Hredhaan Mann,41,M,A2,109
253,211,Pratyush Dugar,22,M,A1,221
254,211,Arin Gola,31,M,A2,46
255,212,Eta Loyal,28,M,A1,413
256,212,Victor Modi,24,M,A2,164
257,213,Nachiket Saha,32,M,A1,229
258,214,Daksh Saini,30,M,A1,176
259,215,Lipika Shere,38,M,A1,266
260,216,Bimala Dalal,28,M,A1,309
261,216,Udant Kala,32,M,A2,155
262,217,Eta Kaul,25,M,A1,380
263,218,Chanchal Date,17,M,A1,263
264,219,Nirja Mistry,32,M,A1,504
265,220,Anya Mukherjee,45,M,A1,235
266,221,Frederick Brahmbhatt,33,M,A1,27
267,222,Yoshita Garg,32,M,A1,181
268,223,Xavier Bahri,21,M,A1,226
269,224,Arunima Yadav,30,M,A1,74
270,225,Advika Borra,40,M,A1,191
271,226,Krishna Varkey,33,M,A1,190
272,227,Eiravati Kumer,15,M,A1,82
273,228,Dhruv Halder,38,M,A1,136
274,228,Aarav Bandi,36,M,A2,394
275,229,Nathaniel Devi,35,M,A1,253
276,230,Ikbal Ramakrishnan,33,M,A1,78
277,231,Aryan Menon,40,M,A1,239
278,231,Pallavi Zacharia,35,F,A2,467
279,232,Nachiket Bose,37,M,A1,4
280,232,Anya Mukherjee,45,M,A2,235
281,233,Nathaniel Devi,35,M,A1,253
282,234,Widisha Shenoy,30,M,A1,34
283,235,Vedika Saxena,32,M,A1,127
284,236,Tejas Bera,23,M,A1,458
285,237,Isaiah Varkey,32,M,A1,484
286,238,Simon Nagy,27,M,A1,111
287,239,Shivansh Buch,32,M,A1,31
288,240,Kritika Thakkar,35,M,A1,356
289,241,Yatin Rajan,23,M,A1,279
290,242,Qarin Kothari,33,M,A1,117
291,243,Turvi Ahluwalia,18,M,A1,146
292,243,Wriddhish Bansal,15,M,A2,36
293,244,Ira Yohannan,36,M,A1,302
294,245,Anya Mukherjee,45,M,A1,235
295,246,Siddharth Ganguly,35,M,A1,317
296,247,Shravya Kale,15,F,A1,451
297,248,Andrew Natarajan,34,M,A1,457
298,248,Priya Bajwa,32,M,A2,75
299,249,Ekapad Dora,20,M,A1,516
300,250,Radhika Mahal,37,M,A1,59
301,251,Ekavir Sarin,24,M,A1,319
302,252,Mekhala Kakar,23,M,A1,160
303,253,Shravya Kale,15,F,A1,451
304,253,Henry Mukhopadhyay,28,M,A2,100
305,254,Lipika Shere,38,M,A1,266
306,255,Turvi Ahluwalia,18,M,A1,146
307,255,Ekta Suri,50,M,A2,469
308,256,Max Mittal,30,M,A1,459
309,257,Upkaar Sani,23,M,A1,329
310,258,Ikbal Ramakrishnan,33,M,A1,78
311,259,Eesha Sane,22,M,A1,300
312,259,Yoshita Garg,32,M,A2,181
313,260,Widisha Deo,15,M,A1,337
314,261,Indira Palan,17,M,A1,122
315,261,Anika Pandey,41,M,A2,133
316,262,Hemang Zacharia,31,M,A1,391
317,262,Qarin Prashad,16,M,A2,180
318,263,Janaki Mander,15,M,A1,434
319,264,Farhan Trivedi,37,M,A1,107
320,265,Finn Bhagat,35,M,A1,19
321,266,Balveer Gara,31,M,A1,378
322,267,Nathaniel Devi,35,M,A1,253
323,268,Thomas Chahal,21,M,A1,247
324,269,Chanakya Anne,27,M,A1,498
325,270,Fariq Pillay,23,M,A1,167
326,271,Ekanta Trivedi,24,F,A1,231
327,272,Ekta Suri,50,M,A1,469
328,273,Shivansh Varty,35,M,A1,87
329,274,Jeet Ravi,19,M,A1,271
330,275,Balhaar Raman,39,M,A1,433
331,276,Chatura Hans,15,M,A1,332
332,277,Luke Kapur,35,M,A1,412
333,277,Turvi Ahluwalia,18,M,A2,146
334,278,Shivansh Varty,35,M,A1,87
335,279,Pranav Kapadia,36,M,A1,115
336,280,Chatura Hans,15,M,A1,332
337,280,Radhika Mahal,37,M,A2,59
338,281,Naksh Brahmbhatt,30,M,A1,386
339,282,Yutika Biswas,26,M,A1,230
340,283,Qasim Loke,42,M,A1,478
341,284,Amol Kara,41,M,A1,439
342,285,Kritika Brar,33,M,A1,358
343,286,Tanvi Chacko,34,F,A1,99
344,287,Chandani Pathak,24,M,A1,338
345,288,Yashica Saraf,42,M,A1,347
346,289,Anmol Narayan,30,M,A1,512
347,290,Ryan Garde,38,M,A1,464
348,291,Nathaniel Devi,35,M,A1,253
349,292,Udant Kala,32,M,A1,155
350,293,Karan Bains,29,M,A1,207
351,294,Vinaya More,38,M,A1,183
352,295,Omkaar Bose,26,M,A1,327
353,296,Sai Pai,31,M,A1,11
354,297,Eiravati Kumer,15,M,A1,82
355,298,Harrison Bhagat,19,M,A1,373
356,299,Nathaniel Devi,35,M,A1,253
357,300,Timothy Manne,16,M,A1,265
358,301,Anmol Narayan,30,M,A1,512
359,302,Dev Ramachandran,21,M,A1,151
360,302,Bimala Dalal,28,M,A2,309
361,303,Onkar Mall,30,M,A1,363
362,304,Anmol Narayan,30,M,A1,512
363,305,Fiyaz Mani,31,M,A1,143
364,306,Yatin Rajan,23,M,A1,279
365,307,Sara Rout,15,M,A1,28
366,308,Wazir Chandran,26,M,A1,13
367,308,Wahab Balan,33,M,A2,274
368,309,Dhruv Halder,38,M,A1,136
369,310,Aryan Menon,40,M,A1,239
370,311,Devansh Radhakrishnan,35,M,A1,172
371,312,Dipta Samra,31,M,A1,39
372,313,Yatin Rajan,23,M,A1,279
373,313,Zaid Doshi,15,M,A2,349
374,314,Vedhika Biswas,24,M,A1,248
375,314,Widisha Shenoy,30,M,A2,34
376,315,Fiyaz Pandit,15,M,A1,178
377,316,Bakhshi Prakash,33,F,A1,287
378,317,Lipika Shere,38,M,A1,266
379,318,Onkar Mall,30,M,A1,363
380,319,Krishna Devan,15,M,A1,220
381,320,Lipika Shere,38,M,A1,266
382,321,Aryan Menon,40,M,A1,239
383,322,Sai Pai,31,M,A1,11
384,323,Sai Pai,31,M,A1,11
385,324,Dipta Samra,31,M,A1,39
386,325,Abdul Baria,15,M,A1,217
387,326,Nathaniel Sachdev,40,M,A1,62
388,327,Arunima Goda,26,T,A1,343
389,328,Ekantika Dhawan,36,M,A1,440
390,329,Chaitaly Chaudhry,35,M,A1,282
391,330,Mason Wali,30,M,A1,476
392,330,Rajeshri Sani,38,M,A2,316
393,331,Gautam Baral,45,M,A1,390
394,332,Priya Bajwa,32,M,A1,75
395,333,Gautam Hari,19,M,A1,261
396,333,Tripti Natt,23,F,A2,473
397,334,Gautam Baral,45,M,A1,390
398,335,Ikshita Ben,15,M,A1,69
399,335,Yutika Biswas,26,M,A2,230
400,336,Pranav Kapadia,36,M,A1,115
401,337,Xavier Sinha,29,M,A1,310
402,338,Jagat Kapur,29,M,A1,286
403,339,Eesha Sane,22,M,A1,300
404,339,Ronith Mistry,18,M,A2,97
405,340,Anvi Murthy,20,M,A1,318
406,341,Indira Cheema,17,M,A1,22
407,342,Krisha Munshi,43,M,A1,21
408,343,Thomas Chahal,21,M,A1,247
409,344,Hardik Bhardwaj,27,M,A1,446
410,345,Jeevika Sem,24,M,A1,448
411,346,Henry Mukhopadhyay,28,M,A1,100
412,346,Nidhi Sharaf,30,M,A2,245
413,347,Faras Bhatti,40,M,A1,357
414,347,Vivaan Johal,32,M,A2,270
415,348,Andrew Natarajan,34,M,A1,457
416,348,Yatin Modi,35,M,A2,51
417,349,Upkaar Sani,23,M,A1,329
418,350,Aarav Bandi,36,M,A1,394
419,351,Pallavi Zacharia,35,F,A1,467
420,352,Chatura Hans,15,M,A1,332
421,353,Tara Krish,32,M,A1,324
422,354,Jonathan Sarkar,31,M,A1,375
423,355,Onkar Mall,30,M,A1,363
424,356,Krisha Munshi,43,M,A1,21
425,357,Lipika Shere,38,M,A1,266
426,358,Riya Pant,27,M,A1,507
427,359,Gaurav Krishnan,24,M,A1,166
428,360,Krisha Madan,27,M,A1,26
429,361,Indira Dugar,46,M,A1,471
430,361,Chaitaly Chaudhry,35,M,A2,282
431,362,Zehaan Madan,31,M,A1,441
432,363,Yatin Rajan,23,M,A1,279
433,364,Fiyaz Pandit,15,M,A1,178
434,365,Ekalinga Savant,15,M,A1,423
435,366,Rajeshri Sani,38,M,A1,316
436,367,Dipta Viswanathan,32,M,A1,305
437,368,Shravya Kale,15,F,A1,451
438,369,Yatin Rajan,23,M,A1,279
439,370,Qarin Kothari,33,M,A1,117
440,370,Bahadurjit Amble,35,M,A2,137
441,371,Lipika Shere,38,M,A1,266
442,372,Jackson Kala,22,M,A1,510
443,373,Yash Misra,18,M,A1,154
444,374,Ekalinga Savant,15,M,A1,423
445,374,Yutika Biswas,26,M,A2,230
446,375,Krishna Venkatesh,35,M,A1,421
447,375,Widisha Shenoy,30,M,A2,34
448,376,Priya Bajwa,32,M,A1,75
449,377,Fiyaz Madan,15,M,A1,114
450,378,Tanveer Dhillon,22,M,A1,340
451,379,Samar Sarma,35,M,A1,406
452,379,Krisha Munshi,43,M,A2,21
453,380,Sai Badami,26,M,A1,88
454,381,Tanveer Dhillon,22,M,A1,340
455,381,Indira Palan,17,M,A2,122
456,382,Reva Mallick,33,M,A1,500
457,383,Simon Nagy,27,M,A1,111
458,384,Amol Majumdar,19,M,A1,293
459,385,Rajata Datta,30,M,A1,288
460,386,Chatura Hans,15,M,A1,332
461,386,Bhavika Sangha,32,M,A2,518
462,387,Omkaar Srinivasan,32,M,A1,96
463,388,Ronith Kannan,20,M,A1,443
464,389,Wriddhish Bansal,15,M,A1,36
465,390,Jonathan Sarkar,31,M,A1,375
466,391,Dipta Viswanathan,32,M,A1,305
467,392,Udarsh Din,25,M,A1,12
468,393,Simon Nagy,27,M,A1,111
469,394,Avni Master,26,M,A1,209
470,395,Zehaan Mani,39,M,A1,135
471,396,Hiral Garg,30,M,A1,68
472,397,Pranav Sem,39,M,A1,298
473,398,Vasana Nadkarni,21,M,A1,336
474,399,Manan Comar,35,M,A1,411
475,399,Faras Bhatti,40,M,A2,357
476,400,Upma Madan,38,M,A1,238
477,401,Aarush Lad,26,M,A1,493
478,402,Ridhi Wason,28,M,A1,200
479,402,Udant Kala,32,M,A2,155
480,403,Mohammed Bali,17,M,A1,37
481,404,Pavani Biswas,27,F,A1,431
482,404,Chandani Pathak,24,M,A2,338
483,405,Yatin Agarwal,27,M,A1,212
484,405,Max Mittal,30,M,A2,459
485,406,Zehaan Mani,39,M,A1,135
486,407,Kritika Thakkar,35,M,A1,356
487,408,Vivaan Johal,32,M,A1,270
488,408,Manan Comar,35,M,A2,411
489,409,Dev Ramachandran,21,M,A1,151
490,410,Anthony Sachar,21,M,A1,125
491,411,Hema Sachar,35,T,A1,483
492,412,Qarin Kothari,33,M,A1,117
493,412,Megha Kari,38,M,A2,198
494,413,Chatura Hans,15,M,A1,332
495,414,Ekalinga Savant,15,M,A1,423
496,415,Nakul Chand,38,M,A1,460
497,416,Nidhi Sharaf,30,M,A1,245
498,417,Karan Gopal,15,M,A1,379
499,418,Harrison Bhagat,19,M,A1,373
500,418,Zilmil Rajagopal,19,M,A2,163
501,419,Mohammed Wason,32,M,A1,472
502,419,Turvi Ahluwalia,18,M,A2,146
503,420,Priya Bajwa,32,M,A1,75
504,420,Amol Kara,41,M,A2,439
505,421,Yashica Saraf,42,M,A1,347
506,422,Xavier Bahri,21,M,A1,226
507,422,Rajeshri Sani,38,M,A2,316
508,423,Wazir Chandran,26,M,A1,13
509,423,Wahab Balan,33,M,A2,274
510,424,Yutika Biswas,26,M,A1,230
511,425,Jonathan Sarkar,31,M,A1,375
512,426,Utkarsh Tailor,37,M,A1,447
513,427,Ranveer Kala,29,M,A1,179
514,428,Veda Bose,39,F,A1,145
515,429,Mohammed Nagar,24,M,A1,144
516,430,Viraj Nadig,34,M,A1,92
517,431,Hardik Bhardwaj,27,M,A1,446
518,432,Zilmil Rajagopal,19,M,A1,163
519,433,Daksh Goswami,30,M,A1,195
520,434,Wriddhish Bansal,15,M,A1,36
521,434,Anthony Sachar,21,M,A2,125
522,435,Hiral Solanki,35,M,A1,128
523,436,Ganga Misra,32,M,A1,204
524,437,Dipta Viswanathan,32,M,A1,305
525,438,Jonathan Sarkar,31,M,A1,375
526,439,Ryan Garde,38,M,A1,464
527,440,Krishna Varkey,33,M,A1,190
528,441,Ayushman Kade,38,M,A1,331
529,442,Rushil Halder,32,M,A1,236
530,443,Samuel Vala,29,M,A1,494
531,443,Zilmil Rajagopal,19,M,A2,163
532,444,Fiyaz Madan,15,M,A1,114
533,445,Krishna Venkatesh,35,M,A1,421
534,445,Fiyaz Pandit,15,M,A2,178
535,446,Yoshita Garg,32,M,A1,181
536,446,Widisha Shenoy,30,M,A2,34
537,447,Simon Nagy,27,M,A1,111
538,448,Rudra Seth,22,F,A1,400
539,448,Qasim Loke,42,M,A2,478
540,449,Anthony Desai,40,M,A1,285
541,450,Ronith Mistry,18,M,A1,97
542,451,Odika Chhabra,15,F,A1,252
543,451,Arunima Goda,26,T,A2,343
544,452,Pallavi Karnik,30,M,A1,499
545,453,Qasim Loke,42,M,A1,478
546,454,Harrison Bhagat,19,M,A1,373
547,455,Ridhi Wason,28,M,A1,200
548,456,Nilima Doshi,44,M,A1,304
549,457,Advika Borra,40,M,A1,191
550,458,Kritika Brar,33,M,A1,358
551,459,Wahab Balan,33,M,A1,274
552,460,Yahvi Kant,20,M,A1,426
553,461,Priya Bajwa,32,M,A1,75
554,462,Dev Ramachandran,21,M,A1,151
555,463,Arya Prabhakar,15,M,A1,148
556,464,Widisha Deo,15,M,A1,337
557,465,Gopal Thakur,24,M,A1,267
558,466,Wahab Balan,33,M,A1,274
559,467,Frederick Brahmbhatt,33,M,A1,27
560,468,Kritika Brar,33,M,A1,358
561,469,Anthony Sachar,21,M,A1,125
562,470,Dipta Viswanathan,32,M,A1,305
563,471,Isaiah Varkey,32,M,A1,484
564,472,Anya Mukherjee,45,M,A1,235
565,473,Samarth Sharaf,43,M,A1,93
566,474,Chavvi Bora,37,M,A1,407
567,475,Christopher Yogi,29,M,A1,284
568,476,Falan Deol,20,M,A1,47
569,477,Krishna Devan,15,M,A1,220
570,478,Yutika Biswas,26,M,A1,230
571,479,Gautam Baral,45,M,A1,390
572,480,Pratyush Dugar,22,M,A1,221
573,480,Wridesh Goyal,27,M,A2,95
574,481,Chandani Pathak,24,M,A1,338
575,481,Vihaan Acharya,35,M,A2,126
576,482,Bakhshi Kari,26,M,A1,203
577,482,Yahvi Kant,20,M,A2,426
578,483,Banjeet Sule,31,M,A1,8
579,484,Harrison Savant,29,M,A1,101
580,485,Pallavi Karnik,30,M,A1,499
581,486,Yoshita Garg,32,M,A1,181
582,487,Tara Nanda,35,M,A1,486
583,488,Ekavir Sarin,24,M,A1,319
584,488,Prisha Khare,17,M,A2,401
585,489,Arin Gola,31,M,A1,46
586,490,Eiravati Kumer,15,M,A1,82
587,491,Madhav Narula,34,M,A1,260
588,492,Leela Parikh,20,T,A1,38
589,493,Bimala Dalal,28,M,A1,309
590,494,Arin Gola,31,M,A1,46
591,495,Bhavika Sangha,32,M,A1,518
592,495,Lopa Ramakrishnan,24,M,A2,339
593,496,Ikbal Ramakrishnan,33,M,A1,78
594,497,Panini Chander,24,M,A1,77
595,498,Ekapad Dora,20,M,A1,516
596,499,Jagdish Ben,27,M,A1,511
597,500,Eta Din,41,M,A1,341
598,501,Bakhshi Kari,26,M,A1,203
599,502,Arin Gola,31,M,A1,46
600,503,Hemang Magar,29,M,A1,322
601,504,Leela Parikh,20,T,A1,38
602,505,Zehaan Mani,39,M,A1,135
603,506,Qarin Kothari,33,M,A1,117
604,507,Eta Krishnan,30,M,A1,120
605,508,Manthan Dara,38,M,A1,98
606,509,Onkar Nagarajan,29,M,A1,509
607,510,Ekta Manne,25,M,A1,86
608,511,Zehaan Mani,39,M,A1,135
609,512,Nachiket Saha,32,M,A1,229
610,512,Balvan Mukherjee,30,F,A2,398
611,513,Harrison Savant,29,M,A1,101
612,514,Raagini Pau,25,M,A1,397
613,515,Upma Madan,38,M,A1,238
614,516,Wridesh Goyal,27,M,A1,95
615,517,Anya Mukherjee,45,M,A1,235
616,518,Wridesh Goyal,27,M,A1,95
617,519,Eshana Sidhu,39,F,A1,416
618,520,Chavvi Bora,37,M,A1,407
619,520,Arya Prabhakar,15,M,A2,148
620,521,Upkaar Sani,23,M,A1,329
621,522,Bimala Dalal,28,M,A1,309
622,522,Dev Ramachandran,21,M,A2,151
623,523,Daksh Goswami,30,M,A1,195
624,524,Rachit Padmanabhan,36,M,A1,428
625,525,Riya Shroff,18,M,A1,430
626,526,Amruta Mistry,22,M,A1,351
627,527,Hemal Bala,28,M,A1,219
628,527,Krishna Venkatesh,35,M,A2,421
629,528,Widisha Shenoy,30,M,A1,34
630,529,Nisha Panchal,31,M,A1,466
631,530,Krishna Venkatesh,35,M,A1,421
632,530,Max Mittal,30,M,A2,459
633,531,Chandani Pathak,24,M,A1,338
634,531,Yutika Biswas,26,M,A2,230
635,532,Ridhi Wason,28,M,A1,200
636,533,Amol Kara,41,M,A1,439
637,534,Shivansh Varty,35,M,A1,87
638,535,Aarush Lad,26,M,A1,493
639,535,Mason Wali,30,M,A2,476
640,536,Frado Vyas,21,M,A1,368
641,537,Yoshita Garg,32,M,A1,181
642,538,Kritika Brar,33,M,A1,358
643,539,Pratyush Dugar,22,M,A1,221
644,540,Andrew Natarajan,34,M,A1,457
645,541,Max Mittal,30,M,A1,459
646,542,Eiravati Kumer,15,M,A1,82
647,543,Ekta Suri,50,M,A1,469
648,544,Tanvi Zacharia,22,M,A1,214
649,545,Chandani Pathak,24,M,A1,338
650,545,Yutika Biswas,26,M,A2,230
651,546,Chatura Hans,15,M,A1,332
652,547,Nachiket Saha,32,M,A1,229
653,547,Abhimanyu Mistry,30,M,A2,108
654,548,Jonathan Khanna,34,M,A1,480
655,549,Simon Nagy,27,M,A1,111
656,550,Kai Srivastava,28,M,A1,222
657,551,Karan Gopal,15,M,A1,379
658,552,Ira Yohannan,36,M,A1,302
659,553,Onkar Oommen,32,M,A1,52
660,554,Hemangini Dhingra,25,M,A1,81
661,555,Kala Iyengar,29,M,A1,311
662,556,Ekavir Sarin,24,M,A1,319
663,557,Ridhi Wason,28,M,A1,200
664,557,Udant Kala,32,M,A2,155
665,558,Hardik Bhardwaj,27,M,A1,446
666,559,Chaman Pall,19,M,A1,264
667,560,Nisha Panchal,31,M,A1,466
668,561,Hredhaan Mann,41,M,A1,109
669,562,Wazir Chandran,26,M,A1,13
670,563,Eta Loyal,28,M,A1,413
671,564,Ganga Misra,32,M,A1,204
672,565,Viraj Nadig,34,M,A1,92
673,566,Chandani Pathak,24,M,A1,338
674,566,Yutika Biswas,26,M,A2,230
675,567,Pallavi Zacharia,35,F,A1,467
676,567,Sai Pai,31,M,A2,11
677,568,Andrew Natarajan,34,M,A1,457
678,568,Bakhshi Kari,26,M,A2,203
679,569,Anmol Narayan,30,M,A1,512
680,570,Hritik Wali,25,M,A1,14
681,570,Qasim Loke,42,M,A2,478
682,571,Abdul Baria,15,M,A1,217
683,572,Turvi Ahluwalia,18,M,A1,146
684,573,Ira Yohannan,36,M,A1,302
685,574,Yoshita Garg,32,M,A1,181
686,574,Leena Bose,39,M,A2,215
687,575,Simon Nagy,27,M,A1,111
688,576,Jackson Kala,22,M,A1,510
689,576,Wahab Balan,33,M,A2,274
690,577,Bimala Dalal,28,M,A1,309
691,577,Nisha Panchal,31,M,A2,466
692,578,Leena Bose,39,M,A1,215
693,579,Lipika Shere,38,M,A1,266
694,580,Ekapad Dora,20,M,A1,516
695,581,Chatura Hans,15,M,A1,332
696,582,Faras Rau,15,M,A1,208
697,583,Thomas Chahal,21,M,A1,247
698,584,Omya Natt,15,M,A1,243
699,585,Sarthak Bose,15,M,A1,223
700,586,Ekavir Sarin,24,M,A1,319
701,586,Faras Rau,15,M,A2,208
702,587,Gaurangi Iyengar,33,M,A1,55
703,588,Samarth Sharaf,43,M,A1,93
704,589,Pranav Sem,39,M,A1,298
705,590,Balvan Mukherjee,30,F,A1,398
706,591,Rajeshri Sani,38,M,A1,316
707,592,Hritik Wali,25,M,A1,14
708,593,Abhimanyu Mistry,30,M,A1,108
709,594,Ryan Zachariah,20,M,A1,508
710,595,Jason Jha,41,M,A1,474
711,596,Madhav Narula,34,M,A1,260
712,597,Mohammed Nagar,24,M,A1,144
713,597,Samar Kadakia,21,M,A2,405
714,598,Yahvi Kant,20,M,A1,426
715,599,Yashasvi Balay,48,M,A1,353
716,600,Raksha Srinivasan,24,M,A1,33
717,601,Anya Mukherjee,45,M,A1,235
718,602,Abha Gole,29,T,A1,16
719,603,Nirja Prabhu,32,M,A1,42
720,603,Abdul Baria,15,M,A2,217
721,604,Eesha Sane,22,M,A1,300
722,604,Mason Mutti,34,M,A2,196
723,605,Ekantika Trivedi,28,M,A1,23
724,606,Nisha Panchal,31,M,A1,466
725,607,Ikbal Shenoy,18,M,A1,470
726,608,Gavin Munshi,15,M,A1,291
727,609,Qasim Loke,42,M,A1,478
728,609,Hemal Bala,28,M,A2,219
729,610,Hritik Wali,25,M,A1,14
730,611,Rajeshri Sani,38,M,A1,316
731,611,Hiral Solanki,35,M,A2,128
732,612,Chanakya Anne,27,M,A1,498
733,613,Zehaan Mani,39,M,A1,135
734,614,Aayush Parmar,33,M,A1,162
735,614,Bahadurjit Amble,35,M,A2,137
736,615,Nitara Arora,17,M,A1,30
737,616,Leela Parikh,20,T,A1,38
738,617,Ranveer Bhat,24,M,A1,258
739,618,Nicholas Patel,29,M,A1,345
740,618,Rajeshri Sani,38,M,A2,316
741,619,Samuel Vala,29,M,A1,494
742,619,Yash Misra,18,M,A2,154
743,620,Kritika Brar,33,M,A1,358
744,621,Chanchal Date,17,M,A1,263
745,622,Priya Bajwa,32,M,A1,75
746,623,Dipta Viswanathan,32,M,A1,305
747,624,Vansha Jani,25,M,A1,437
748,625,Priya Bajwa,32,M,A1,75
749,626,Nachiket Bose,37,M,A1,4
750,626,Wakeeta Narang,27,M,A2,506
751,627,Elijah Sura,30,M,A1,410
752,628,Nirja Prabhu,32,M,A1,42
753,629,Janya Thaman,23,M,A1,277
754,630,Jagat Kapur,29,M,A1,286
755,630,Chaitaly Chaudhry,35,M,A2,282
756,631,Qasim Loke,42,M,A1,478
757,632,Anya Mukherjee,45,M,A1,235
758,633,Neel Menon,44,M,A1,468
759,633,Eta Loyal,28,M,A2,413
760,634,Mohammed Bali,17,M,A1,37
761,635,Kai Das,22,M,A1,503
762,636,Ayushman Kade,38,M,A1,331
763,637,Wakeeta Narang,27,M,A1,506
764,638,Bakhshi Kari,26,M,A1,203
765,639,Adweta Mall,35,F,A1,519
766,640,Chatura Hans,15,M,A1,332
767,641,Arya Prabhakar,15,M,A1,148
768,642,Onkar Mall,30,M,A1,363
769,643,Yoshita Garg,32,M,A1,181
770,644,Kai Srivastava,28,M,A1,222
771,645,Nirja Mistry,32,M,A1,504
772,646,Widisha Shenoy,30,M,A1,34
773,647,Krishna Venkatesh,35,M,A1,421
774,648,Adweta Mall,35,F,A1,519
775,649,Chandani Pathak,24,M,A1,338
776,650,Ryan Garde,38,M,A1,464
777,651,Upkaar Sani,23,M,A1,329
778,652,Rohan Mital,33,F,A1,369
779,653,Niharika Suresh,51,M,A1,362
780,654,Kala Iyengar,29,M,A1,311
781,655,Vivaan Johal,32,M,A1,270
782,656,Neel Menon,44,M,A1,468
783,656,Zehaan Mani,39,M,A2,135
784,657,Thomas Chahal,21,M,A1,247
785,657,Chandani Pathak,24,M,A2,338
786,658,Logan Trivedi,35,M,A1,189
787,659,Tara Dey,20,M,A1,218
788,660,Samar Gade,15,M,A1,399
789,661,Sai Iyengar,38,M,A1,79
790,662,Faras Bhatti,40,M,A1,357
791,662,Radhika Mahal,37,M,A2,59
792,663,Hemal Bala,28,M,A1,219
793,664,Mason Mutti,34,M,A1,196
794,665,Zehaan Mani,39,M,A1,135
795,666,Ridhi Wason,28,M,A1,200
796,666,Dev Ramachandran,21,M,A2,151
797,667,Adweta Mall,35,F,A1,519
798,668,Krishna Venkatesh,35,M,A1,421
799,668,Lopa Ramakrishnan,24,M,A2,339
800,669,Waida Das,40,M,A1,334
801,670,Bahadurjit Amble,35,M,A1,137
802,670,Lucky Panchal,30,M,A2,404
803,671,Samar Gade,15,M,A1,399
804,672,Nachiket Bose,37,M,A1,4
805,673,Sarthak Bose,15,M,A1,223
806,673,Yatin Rajan,23,M,A2,279
807,674,Fiyaz Mani,31,M,A1,143
808,675,Madhav Narula,34,M,A1,260
809,675,Yatin Rajan,23,M,A2,279
810,676,Pratyush Dugar,22,M,A1,221
811,677,Frado Vyas,21,M,A1,368
812,678,Shravya Kale,15,F,A1,451
813,679,Ikbal Ramakrishnan,33,M,A1,78
814,680,Eiravati Kumer,15,M,A1,82
815,681,Eiravati Kumer,15,M,A1,82
816,682,Turvi Ahluwalia,18,M,A1,146
817,683,Eiravati Kumer,15,M,A1,82
818,684,Viraj Raghavan,15,M,A1,520
819,685,Frederick Nath,15,M,A1,157
820,686,Nirja Prabhu,32,M,A1,42
821,687,Bakhshi Prakash,33,F,A1,287
822,688,Banjeet Saran,41,M,A1,409
823,689,Max Mittal,30,M,A1,459
824,690,Vritti Mukhopadhyay,40,M,A1,63
825,691,Arunima Goda,26,T,A1,343
826,692,Devansh Radhakrishnan,35,M,A1,172
827,692,Daksh Saini,30,M,A2,176
828,693,Upma Madan,38,M,A1,238
829,694,Thomas Wason,37,M,A1,393
830,695,Arunima Yadav,30,M,A1,74
831,696,Anya Mukherjee,45,M,A1,235
832,696,Amol Mandal,17,M,A2,64
833,697,Ekanta Sridhar,40,M,A1,342
834,698,Hardik Bhardwaj,27,M,A1,446
835,698,Qarin Prashad,16,M,A2,180
836,699,Qasim Loke,42,M,A1,478
837,700,Mohammed Bali,17,M,A1,37
838,701,Nachiket Saha,32,M,A1,229
839,701,Nidhi Nayar,15,M,A2,25
840,702,Radha Lanka,45,M,A1,321
841,703,Naksh Brahmbhatt,30,M,A1,386
842,703,Arya Prabhakar,15,M,A2,148
843,704,Nathaniel Devi,35,M,A1,253
844,705,Nidhi Sharaf,30,M,A1,245
845,706,Upkaar Sani,23,M,A1,329
846,707,Omkaar Srinivasan,32,M,A1,96
847,708,Nicholas Patel,29,M,A1,345
848,709,Zehaan Mani,39,M,A1,135
849,709,Ladli Koshy,36,M,A2,134
850,710,Indira Dugar,46,M,A1,471
851,711,Qasim Andra,29,M,A1,505
852,712,Eiravati Deshmukh,25,M,A1,119
853,713,Raagini Pau,25,M,A1,397
854,714,Falan Deol,20,M,A1,47
855,715,Pallavi Zacharia,35,F,A1,467
856,715,Aryan Menon,40,M,A2,239
857,716,Yahvi Sarin,18,M,A1,424
858,716,Hemal Bala,28,M,A2,219
859,717,Daksh Saini,30,M,A1,176
860,718,Fiyaz Pandit,15,M,A1,178
861,719,Chanchal Date,17,M,A1,263
862,720,Pranav Sem,39,M,A1,298
863,721,Sai Pai,31,M,A1,11
864,722,Harrison Savant,29,M,A1,101
865,723,Waida Das,40,M,A1,334
866,723,Logan Trivedi,35,M,A2,189
867,724,Vanya Kalita,27,M,A1,193
868,725,Anvi Murthy,20,M,A1,318
869,726,Kai Majumdar,21,M,A1,9
870,727,Nidhi Nayar,15,M,A1,25
871,728,Thomas Chahal,21,M,A1,247
872,729,Naksh Brahmbhatt,30,M,A1,386
873,730,Ryan Garde,38,M,A1,464
874,731,Banjeet Seth,31,M,A1,175
875,732,Abeer Sha,21,M,A1,44
876,733,Tanveer Dhillon,22,M,A1,340
877,734,Bimala Dalal,28,M,A1,309
878,735,Ikbal Ramakrishnan,33,M,A1,78
879,736,Sai Pai,31,M,A1,11
880,737,Yahvi Bakshi,32,M,A1,259
881,738,Hemang Magar,29,M,A1,322
882,739,Amol Kara,41,M,A1,439
883,740,Triya Chandran,15,M,A1,161
884,741,Chanchal Date,17,M,A1,263
885,742,Utkarsh Tailor,37,M,A1,447
886,742,Odika Chhabra,15,F,A2,252
887,743,Atharv Taneja,15,M,A1,124
888,744,Anika Pandey,41,M,A1,133
889,745,Lipika Shere,38,M,A1,266
890,746,Mohammed Nagar,24,M,A1,144
891,747,Ikshita Ben,15,M,A1,69
892,748,Ranveer Kala,29,M,A1,179
893,749,Shravya Kale,15,F,A1,451
894,750,Ranveer Kala,29,M,A1,179
895,751,Thomas Chahal,21,M,A1,247
896,752,Pranav Kapadia,36,M,A1,115
897,752,Balveer Gara,31,M,A2,378
898,753,Wriddhish Bansal,15,M,A1,36
899,753,Victor Modi,24,M,A2,164
900,754,Ridhi Wason,28,M,A1,200
901,755,Bhavika Sangha,32,M,A1,518
902,756,Chandani Pathak,24,M,A1,338
903,757,Yoshita Garg,32,M,A1,181
904,758,Vanya Kalita,27,M,A1,193
905,759,Fiyaz Pandit,15,M,A1,178
906,759,Yatin Rajan,23,M,A2,279
907,760,Krishna Venkatesh,35,M,A1,421
908,760,Anika Pandey,41,M,A2,133
909,761,Yahvi Kant,20,M,A1,426
910,762,Tanvi Zacharia,22,M,A1,214
911,763,Daksh Sharaf,20,M,A1,314
912,763,Upma Madan,38,M,A2,238
913,764,Udant Kala,32,M,A1,155
914,765,Ikbal Ramakrishnan,33,M,A1,78
915,766,Aayush Parmar,33,M,A1,162
916,767,Yatin Rajan,23,M,A1,279
917,768,Pallavi Zacharia,35,F,A1,467
918,769,Anthony Sachar,21,M,A1,125
919,770,Pratyush Dugar,22,M,A1,221
920,771,Waida Bhatnagar,23,M,A1,254
921,772,Anika Pandey,41,M,A1,133
922,772,Lopa Ramakrishnan,24,M,A2,339
923,773,Hritik Wali,25,M,A1,14
924,774,Balhaar Raman,39,M,A1,433
925,775,Chaman Pall,19,M,A1,264
926,776,Rudra Seth,22,F,A1,400
927,777,Warjas Gupta,41,M,A1,515
928,777,Indira Dugar,46,M,A2,471
929,778,Pranav Narain,32,F,A1,306
930,779,Mohammed Krishna,28,M,A1,123
931,780,Ridhi Wason,28,M,A1,200
932,781,Rajeshri Sani,38,M,A1,316
933,782,Owen Parsa,15,M,A1,32
934,783,Sai Pai,31,M,A1,11
935,784,Waida Das,40,M,A1,334
936,785,Bakhshi Kari,26,M,A1,203
937,786,Vinaya More,38,M,A1,183
938,787,Yashica Saraf,42,M,A1,347
939,788,Widisha Shenoy,30,M,A1,34
940,789,Krishna Varkey,33,M,A1,190
941,790,Nachiket Bose,37,M,A1,4
942,791,Adweta Mall,35,F,A1,519
943,792,Odika Chhabra,15,F,A1,252
944,792,Yashica Saraf,42,M,A2,347
945,793,Jagdish Ben,27,M,A1,511
946,794,Indira Palan,17,M,A1,122
947,795,Nathaniel Devi,35,M,A1,253
948,795,Jason Jha,41,M,A2,474
949,796,Leela Parikh,20,T,A1,38
950,797,Dev Ramachandran,21,M,A1,151
951,798,Rohan Bumb,17,M,A1,432
952,799,Prisha Khare,17,M,A1,401
953,800,Udant Kala,32,M,A1,155
954,801,Abhimanyu Mistry,30,M,A1,108
955,802,Indira Dugar,46,M,A1,471
956,803,Jackson Kala,22,M,A1,510
957,803,Garima Parekh,32,M,A2,232
958,804,Garima Parekh,32,M,A1,232
959,805,Omkaar Srinivasan,32,M,A1,96
960,806,Nisha Panchal,31,M,A1,466
961,807,Ikshita Ben,15,M,A1,69
962,808,Sai Badami,26,M,A1,88
963,809,Kritika Brar,33,M,A1,358
964,810,Chaitaly Chaudhry,35,M,A1,282
965,811,Leela Parikh,20,T,A1,38
966,812,Nitara Arora,17,M,A1,30
967,813,Wriddhish Bansal,15,M,A1,36
968,814,Yahvi Bakshi,32,M,A1,259
969,815,Qasim Loke,42,M,A1,478
970,816,Upkaar Sani,23,M,A1,329
971,817,Garima Parekh,32,M,A1,232
972,818,Abeer Desai,28,M,A1,76
973,819,Madhav Narula,34,M,A1,260
974,820,Advay Iyengar,31,M,A1,307
975,821,Ikbal Ramakrishnan,33,M,A1,78
976,822,Janya Thaman,23,M,A1,277
977,822,Nachiket Saha,32,M,A2,229
978,823,Ikbal Shenoy,18,M,A1,470
979,824,Bhanumati Chaudhry,29,M,A1,149
980,825,Hemangini Mital,36,M,A1,170
981,826,Wazir Chandran,26,M,A1,13
982,827,Nidhi Sharaf,30,M,A1,245
983,828,Ekta Suri,50,M,A1,469
984,829,Yatin Rajan,23,M,A1,279
985,830,Indira Palan,17,M,A1,122
986,830,Nathaniel Devi,35,M,A2,253
987,831,Anya Mukherjee,45,M,A1,235
988,832,Upkaar Sani,23,M,A1,329
989,833,Hemal Bala,28,M,A1,219
990,833,Zayyan Singhal,23,M,A2,41
991,834,Eshana Bawa,30,M,A1,278
992,835,Gautam Hari,19,M,A1,261
993,836,Max Dey,15,M,A1,408
994,837,Faqid Kumar,27,M,A1,185
995,838,Warjas Gupta,41,M,A1,515
996,839,Ikbal Ramakrishnan,33,M,A1,78
997,839,Qarin Lad,29,M,A2,45
998,840,Arunima Goda,26,T,A1,343
999,841,Nathaniel Goyal,40,M,A1,213
1000,842,Kritika Brar,33,M,A1,358
1001,843,Henry Mukhopadhyay,28,M,A1,100
1002,844,Samar Kadakia,21,M,A1,405
1003,845,Tejas Bera,23,M,A1,458
1004,846,Ikbal Ramakrishnan,33,M,A1,78
1005,847,Turvi Ahluwalia,18,M,A1,146
1006,848,Nathaniel Devi,35,M,A1,253
1007,848,Lopa Ramakrishnan,24,M,A2,339
1008,849,Tanvi Zacharia,22,M,A1,214
1009,850,Vinaya More,38,M,A1,183
1010,850,Ekta Suri,50,M,A2,469
1011,851,Lipika Shere,38,M,A1,266
1012,852,Sai Badami,26,M,A1,88
1013,853,Banjeet Saran,41,M,A1,409
1014,854,Megha Kari,38,M,A1,198
1015,855,Victor Modi,24,M,A1,164
1016,856,Warinder Narasimhan,34,M,A1,173
1017,857,Mason Wali,30,M,A1,476
1018,857,Jhalak Kala,47,M,A2,366
1019,858,Qasim Loke,42,M,A1,478
1020,859,Ridhi Wason,28,M,A1,200
1021,859,Udant Kala,32,M,A2,155
1022,860,Eta Kaul,25,M,A1,380
1023,861,Ronith Mistry,18,M,A1,97
1024,861,Aarav Subramanian,36,F,A2,489
1025,862,Kritika Brar,33,M,A1,358
1026,863,Dipta Viswanathan,32,M,A1,305
1027,864,Alka Munshi,28,M,A1,348
1028,865,Ikbal Ramakrishnan,33,M,A1,78
1029,866,Radhika Mahal,37,M,A1,59
1030,867,Prisha Khare,17,M,A1,401
1031,868,Nachiket Bose,37,M,A1,4
1032,869,Abhimanyu Mistry,30,M,A1,108
1033,870,Leena Bose,39,M,A1,215
1034,870,Mason Mutti,34,M,A2,196
1035,871,Laban Roy,16,M,A1,186
1036,872,Matthew Chaudry,26,M,A1,296
1037,873,Thomas Chahal,21,M,A1,247
1038,873,Chandani Pathak,24,M,A2,338
1039,874,Frederick Brahmbhatt,33,M,A1,27
1040,875,Ishaan Kaul,18,M,A1,121
1041,876,Priya Bajwa,32,M,A1,75
1042,877,Bakhshi Prakash,33,F,A1,287
1043,878,Aarush Lad,26,M,A1,493
1044,878,Raagini Pau,25,M,A2,397
1045,879,Chatura Hans,15,M,A1,332
1046,880,Qasim Loke,42,M,A1,478
1047,880,Kritika Brar,33,M,A2,358
1048,881,Widisha Shenoy,30,M,A1,34
1049,882,Chavvi Bora,37,M,A1,407
1050,882,Gautam Hari,19,M,A2,261
1051,883,Pratyush Dugar,22,M,A1,221
1052,884,Ikbal Ramakrishnan,33,M,A1,78
1053,885,Vivaan Johal,32,M,A1,270
1054,885,Hredhaan Mann,41,M,A2,109
1055,886,Warjas Gupta,41,M,A1,515
1056,887,Udarsh Din,25,M,A1,12
1057,887,Aarush Lad,26,M,A2,493
1058,888,Max Mittal,30,M,A1,459
1059,889,Yash Misra,18,M,A1,154
1060,890,Gopal Thakur,24,M,A1,267
1061,890,Andrew Natarajan,34,M,A2,457
1062,891,Ekapad Dora,20,M,A1,516
1063,892,Amol Kara,41,M,A1,439
1064,893,Warjas Vohra,30,M,A1,206
1065,894,Eesha Sane,22,M,A1,300
1066,894,Leena Bose,39,M,A2,215
1067,895,Harrison Bhagat,19,M,A1,373
1068,896,Kritika Brar,33,M,A1,358
1069,897,Zehaan Madan,31,M,A1,441
1070,898,Ladli Koshy,36,M,A1,134
1071,899,Girik Dyal,16,F,A1,456
1072,899,Bhavini Bakshi,15,F,A2,313
1073,900,Warjas Gupta,41,M,A1,515
1074,901,Mason Mutti,34,M,A1,196
1075,901,Leena Bose,39,M,A2,215
1076,902,Gaurangi Iyengar,33,M,A1,55
1077,902,Harini Sahota,38,M,A2,29
1078,903,Ridhi Wason,28,M,A1,200
1079,903,Yahvi Kant,20,M,A2,426
1080,904,Dipta Samra,31,M,A1,39
1081,904,Nisha Panchal,31,M,A2,466
1082,905,Radhika Mahal,37,M,A1,59
1083,906,Nisha Panchal,31,M,A1,466
1084,907,Kashvi Choudhry,20,M,A1,465
1085,908,Yatin Rajan,23,M,A1,279
1086,909,Megha Amble,27,M,A1,495
1087,910,Wishi Kota,26,F,A1,301
1088,911,Jonathan Sarkar,31,M,A1,375
1089,912,Ayushman Kade,38,M,A1,331
1090,913,Owen Parsa,15,M,A1,32
1091,914,Logan Trivedi,35,M,A1,189
1092,915,Lipika Shere,38,M,A1,266
1093,916,Jacob Narang,36,M,A1,112
1094,917,Jeet Ravi,19,M,A1,271
1095,918,Mohammed Nagar,24,M,A1,144
1096,919,Ranveer Bhat,24,M,A1,258
1097,920,Krishna Varkey,33,M,A1,190
1098,921,Amruta Vasa,32,M,A1,20
1099,922,Yashasvi Vaidya,15,M,A1,53
1100,923,Jonathan Khanna,34,M,A1,480
1101,924,Rudra Sharma,15,M,A1,240
1102,925,Krishna Venkatesh,35,M,A1,421
1103,926,Vasudha Chandra,31,M,A1,15
1104,927,Eiravati Kumer,15,M,A1,82
1105,927,Vedhika Biswas,24,M,A2,248
1106,928,Sai Pai,31,M,A1,11
1107,928,Madhav Narula,34,M,A2,260
1108,929,Anya Mukherjee,45,M,A1,235
1109,930,Gopal Thakur,24,M,A1,267
1110,931,Anmol Narayan,30,M,A1,512
1111,932,Yutika Biswas,26,M,A1,230
1112,933,Pranav Sem,39,M,A1,298
1113,934,Nimrat Hans,23,M,A1,65
1114,934,Mohammed Krishna,28,M,A2,123
1115,935,Sai Badami,26,M,A1,88
1116,936,Shravya Kale,15,F,A1,451
1117,937,Jeevika Sem,24,M,A1,448
1118,938,Anmol Narayan,30,M,A1,512
1119,939,Jeremiah Verma,22,M,A1,105
1120,940,Yatin Rajan,23,M,A1,279
1121,941,Yutika Biswas,26,M,A1,230
1122,942,Eiravati Kumer,15,M,A1,82
1123,943,Megha Kari,38,M,A1,198
1124,944,Chandran Kakar,15,M,A1,130
1125,945,Rohan Rao,25,M,A1,395
1126,946,Turvi Ahluwalia,18,M,A1,146
1127,947,Lopa Ramakrishnan,24,M,A1,339
1128,948,Pallavi Zacharia,35,F,A1,467
1129,949,Yoshita Garg,32,M,A1,181
1130,950,Yashica Saraf,42,M,A1,347
1131,951,Priya Lad,18,M,A1,138
1132,952,Veer Patla,22,F,A1,283
1133,953,Simon Nagy,27,M,A1,111
1134,954,Nachiket Bose,37,M,A1,4
1135,954,Lucky Panchal,30,M,A2,404
1136,955,Chaman Mane,21,M,A1,85
1137,956,Anya Mukherjee,45,M,A1,235
1138,956,Nachiket Bose,37,M,A2,4
1139,957,Thomas Dugar,15,M,A1,417
1140,958,Samar Wali,22,M,A1,174
1141,959,Thomas Dugar,15,M,A1,417
1142,960,Viraj Nadig,34,M,A1,92
1143,961,Ekansh Palan,20,M,A1,269
1144,962,Krishna Venkatesh,35,M,A1,421
1145,962,Lopa Ramakrishnan,24,M,A2,339
1146,963,Ekalinga Savant,15,M,A1,423
1147,964,Rajeshri Sani,38,M,A1,316
1148,964,Nicholas Patel,29,M,A2,345
1149,965,Ayushman Kade,38,M,A1,331
1150,965,Thomas Wason,37,M,A2,393
1151,966,Jeevika Sem,24,M,A1,448
1152,967,Samar Kadakia,21,M,A1,405
1153,967,Nathaniel Devi,35,M,A2,253
1154,968,Amol Mandal,17,M,A1,64
1155,968,Andrew Natarajan,34,M,A2,457
1156,969,Ikbal Ramakrishnan,33,M,A1,78
1157,970,Sachi Sehgal,19,F,A1,374
1158,971,Ria Baral,34,M,A1,475
1159,972,Rudra Seth,22,F,A1,400
1160,973,Upma Madan,38,M,A1,238
1161,974,Mohammed Bali,17,M,A1,37
1162,975,Turvi Ahluwalia,18,M,A1,146
1163,975,Abhimanyu Mistry,30,M,A2,108
1164,976,Gautam Hari,19,M,A1,261
1165,977,Logan Trivedi,35,M,A1,189
1166,977,Lopa Ramakrishnan,24,M,A2,339
1167,978,Aryan Menon,40,M,A1,239
1168,978,Nathaniel Devi,35,M,A2,253
1169,979,Riya Shroff,18,M,A1,430
1170,980,Pallavi Zacharia,35,F,A1,467
1171,981,Dipta Viswanathan,32,M,A1,305
1172,981,Waida Bhatnagar,23,M,A2,254
1173,982,Onkar Mall,30,M,A1,363
1174,983,Raagini Pau,25,M,A1,397
1175,984,Shivansh Parekh,19,M,A1,246
1176,985,Siddharth Ganguly,35,M,A1,317
1177,986,Bakhshi Kari,26,M,A1,203
1178,987,Aarav Bandi,36,M,A1,394
1179,987,Gautam Hari,19,M,A2,261
1180,988,Praneel Gokhale,36,M,A1,364
1181,989,Isaiah Varkey,32,M,A1,484
1182,990,Warjas Gupta,41,M,A1,515
1183,990,George Patil,28,M,A2,205
1184,991,Abhimanyu Mistry,30,M,A1,108
1185,992,Hredhaan Mann,41,M,A1,109
1186,993,Faras Jha,28,M,A1,71
1187,994,Dipta Samra,31,M,A1,39
1188,995,Warjas Gupta,41,M,A1,515
1189,996,Thomas Chahal,21,M,A1,247
1190,997,Arya Prabhakar,15,M,A1,148
1191,998,Yutika Biswas,26,M,A1,230
1192,999,Yoshita Garg,32,M,A1,181
1193,1000,Kashvi Vyas,28,M,A1,308
1194,1001,Aarav Subramanian,36,F,A1,489
1195,1002,Kritika Brar,33,M,A1,358
1196,1003,Abdul Baria,15,M,A1,217
1197,1004,Wakeeta Narang,27,M,A1,506
1198,1004,Utkarsh Tailor,37,M,A2,447
1199,1005,Logan Trivedi,35,M,A1,189
1200,1006,Simon Nagy,27,M,A1,111
1201,1007,Nathaniel Devi,35,M,A1,253
1202,1008,Shivansh Parekh,19,M,A1,246
1203,1009,Ronith Kannan,20,M,A1,443
1204,1010,Dev Ramachandran,21,M,A1,151
1205,1011,Simon Nagy,27,M,A1,111
1206,1012,Nirja Prabhu,32,M,A1,42
1207,1013,Arya Prabhakar,15,M,A1,148
1208,1014,Pranav Sem,39,M,A1,298
1209,1015,Eesha Sane,22,M,A1,300
1210,1015,Ronith Mistry,18,M,A2,97
1211,1016,Nidhi Nayar,15,M,A1,25
1212,1016,Balvan Mukherjee,30,F,A2,398
1213,1017,Simon Nagy,27,M,A1,111
1214,1018,Adya Dube,28,M,A1,354
1215,1018,Ekalinga Savant,15,M,A2,423
1216,1019,Megha Kari,38,M,A1,198
1217,1020,Ikbal Ramakrishnan,33,M,A1,78
1218,1021,Qarin Prashad,16,M,A1,180
1219,1022,Ronith Kannan,20,M,A1,443
1220,1022,Chanchal Date,17,M,A2,263
1221,1023,Akshay Kalla,35,M,A1,152
1222,1024,Hritik Wali,25,M,A1,14
1223,1025,Ikbal Ramakrishnan,33,M,A1,78
1224,1025,Chaitaly Chaudhry,35,M,A2,282
1225,1026,Nirja Prabhu,32,M,A1,42
1226,1027,Bakhshi Kari,26,M,A1,203
1227,1028,Nirja Prabhu,32,M,A1,42
1228,1029,Thomas Wason,37,M,A1,393
1229,1030,Yahvi Kant,20,M,A1,426
1230,1031,Nathaniel Sachdev,40,M,A1,62
1231,1032,Qarin Prashad,16,M,A1,180
1232,1032,Rudra Seth,22,F,A2,400
1233,1033,Yutika Biswas,26,M,A1,230
1234,1034,Fiyaz Madan,15,M,A1,114
1235,1035,Hemang Zacharia,31,M,A1,391
1236,1036,Nirja Prabhu,32,M,A1,42
1237,1036,Harini Sahota,38,M,A2,29
1238,1037,Xavier Sinha,29,M,A1,310
1239,1038,Kala Iyengar,29,M,A1,311
1240,1039,Jagat Kapur,29,M,A1,286
1241,1040,Harrison Bhagat,19,M,A1,373
1242,1041,Pratyush Dugar,22,M,A1,221
1243,1041,Wridesh Goyal,27,M,A2,95
1244,1042,Gautami Shan,24,M,A1,513
1245,1043,Kritika Brar,33,M,A1,358
1246,1044,Yoshita Garg,32,M,A1,181
1247,1045,Ronith Mistry,18,M,A1,97
1248,1045,Yashica Saraf,42,M,A2,347
1249,1046,Ishaan Kaul,18,M,A1,121
1250,1047,Agastya Bobal,39,M,A1,330
1251,1047,Yatan Prasad,24,F,A2,228
1252,1048,Rohan Rao,25,M,A1,395
1253,1049,Janya Thaman,23,M,A1,277
1254,1050,Lipika Shere,38,M,A1,266
1255,1051,Arunima Yadav,30,M,A1,74
1256,1051,Lucky Panchal,30,M,A2,404
1257,1052,Rajeshri Zachariah,19,M,A1,442
1258,1053,Chavvi Bora,37,M,A1,407
1259,1053,Arya Prabhakar,15,M,A2,148
1260,1054,Daniel Sachdev,15,M,A1,436
1261,1054,Shravya Kale,15,F,A2,451
1262,1055,Harrison Bhagat,19,M,A1,373
1263,1055,Yash Misra,18,M,A2,154
1264,1056,Robert Saha,21,M,A1,492
1265,1057,Jonathan Sarkar,31,M,A1,375
1266,1058,Radha Lanka,45,M,A1,321
1267,1059,Hredhaan Mann,41,M,A1,109
1268,1060,Timothy Manne,16,M,A1,265
1269,1061,Nicholas Patel,29,M,A1,345
1270,1061,Kala Iyengar,29,M,A2,311
1271,1062,Arunima Goda,26,T,A1,343
1272,1063,Waida Bhatnagar,23,M,A1,254
1273,1064,Utkarsh Tailor,37,M,A1,447
1274,1065,Naksh Brahmbhatt,30,M,A1,386
1275,1066,Nihal Devi,42,M,A1,418
1276,1067,Yashasvi Balay,48,M,A1,353
1277,1068,Chanchal Date,17,M,A1,263
1278,1069,Nisha Panchal,31,M,A1,466
1279,1070,Jonathan Magar,28,M,A1,280
1280,1071,Lopa Ramakrishnan,24,M,A1,339
1281,1071,Max Mittal,30,M,A2,459
1282,1072,Eta Din,41,M,A1,341
1283,1073,Nirja Prabhu,32,M,A1,42
1284,1074,Andrew Natarajan,34,M,A1,457
1285,1075,Indali Mander,26,M,A1,90
1286,1076,Aarush Lad,26,M,A1,493
1287,1076,Chanchal Date,17,M,A2,263
1288,1077,Aryan Menon,40,M,A1,239
1289,1078,Abhimanyu Mistry,30,M,A1,108
1290,1078,Rajeshri Sani,38,M,A2,316
1291,1079,Nirja Prabhu,32,M,A1,42
1292,1080,Ekalinga Savant,15,M,A1,423
1293,1081,Anthony Desai,40,M,A1,285
1294,1082,Umang Krishna,37,M,A1,346
1295,1083,Qasim Andra,29,M,A1,505
1296,1084,Yash Misra,18,M,A1,154
1297,1085,Eta Loyal,28,M,A1,413
1298,1086,Gaurangi Iyengar,33,M,A1,55
1299,1087,Omkaar Bose,26,M,A1,327
1300,1088,Eiravati Kumer,15,M,A1,82
1301,1089,Rajeshri Sani,38,M,A1,316
1302,1090,Ekanta Bhasin,34,M,A1,156
1303,1091,Wridesh Pillay,47,M,A1,103
1304,1092,Pallavi Karnik,30,M,A1,499
1305,1093,Samar Wali,22,M,A1,174
1306,1094,Tara Nanda,35,M,A1,486
1307,1094,Mason Venkataraman,22,M,A2,153
1308,1095,Radhika Mahal,37,M,A1,59
1309,1096,Ekanta Trivedi,24,F,A1,231
1310,1096,Turvi Ahluwalia,18,M,A2,146
1311,1097,Warinder Handa,18,M,A1,497
1312,1098,Pallavi Karnik,30,M,A1,499
1313,1099,Logan Trivedi,35,M,A1,189
1314,1099,Nakul Borra,31,M,A2,43
1315,1100,Dipta Samra,31,M,A1,39
1316,1101,Jackson Kala,22,M,A1,510
1317,1102,Qasim Shan,16,M,A1,17
1318,1103,Shivansh Parekh,19,M,A1,246
1319,1103,Amol Mandal,17,M,A2,64
1320,1104,Kala Iyengar,29,M,A1,311
1321,1105,Jeet Ravi,19,M,A1,271
1322,1106,Pavani Biswas,27,F,A1,431
1323,1107,Ayushman Kade,38,M,A1,331
1324,1108,Chatura Hans,15,M,A1,332
1325,1108,Raagini Pau,25,M,A2,397
1326,1109,Sai Pai,31,M,A1,11
1327,1110,Girik Dyal,16,F,A1,456
1328,1111,Banjeet Sule,31,M,A1,8
1329,1112,Tanvi Zacharia,22,M,A1,214
1330,1113,Chanchal Date,17,M,A1,263
1331,1114,Mitali Hari,17,M,A1,384
1332,1115,Tanveer Dhillon,22,M,A1,340
1333,1116,Eiravati Kumer,15,M,A1,82
1334,1117,Eiravati Deshmukh,25,M,A1,119
1335,1118,Rajeshri Sani,38,M,A1,316
1336,1119,Kai Majumdar,21,M,A1,9
1337,1119,Viraj Nadig,34,M,A2,92
1338,1120,Prisha Khare,17,M,A1,401
1339,1121,Abhimanyu Mistry,30,M,A1,108
1340,1122,Lucky Panchal,30,M,A1,404
1341,1122,Pallavi Zacharia,35,F,A2,467
1342,1123,Yutika Biswas,26,M,A1,230
1343,1124,Manan Comar,35,M,A1,411
1344,1125,Mohammed Krishna,28,M,A1,123
1345,1126,Dev Ramachandran,21,M,A1,151
1346,1126,Udarsh Din,25,M,A2,12
1347,1127,Mason Mutti,34,M,A1,196
1348,1127,Yoshita Garg,32,M,A2,181
1349,1128,Yutika Dhar,24,F,A1,491
1350,1129,Tejas Bera,23,M,A1,458
1351,1129,Viraj Nadig,34,M,A2,92
1352,1130,George Patil,28,M,A1,205
1353,1131,Mason Mutti,34,M,A1,196
1354,1131,Zilmil Rajagopal,19,M,A2,163
1355,1132,Prisha Khare,17,M,A1,401
1356,1132,Siddharth Ganguly,35,M,A2,317
1357,1133,Widisha Deo,15,M,A1,337
1358,1134,Tanveer Dhillon,22,M,A1,340
1359,1134,Nachiket Saha,32,M,A2,229
1360,1135,Krishna Varkey,33,M,A1,190
1361,1135,Faras Jha,28,M,A2,71
1362,1136,Lucky Panchal,30,M,A1,404
1363,1137,Ranveer Saraf,23,F,A1,444
1364,1138,Qasim Loke,42,M,A1,478
1365,1139,Aarav Subramanian,36,F,A1,489
1366,1140,Ronith Kannan,20,M,A1,443
1367,1141,Neel Menon,44,M,A1,468
1368,1141,Ladli Koshy,36,M,A2,134
1369,1142,Wazir Chandran,26,M,A1,13
1370,1143,Thomas Chahal,21,M,A1,247
1371,1144,Nathaniel Devi,35,M,A1,253
1372,1145,Mason Venkataraman,22,M,A1,153
1373,1145,Shivansh Varty,35,M,A2,87
1374,1146,Sai Pai,31,M,A1,11
1375,1146,Gaurangi Iyengar,33,M,A2,55
1376,1147,Lopa Ramakrishnan,24,M,A1,339
1377,1147,Max Mittal,30,M,A2,459
1378,1148,Warhi Kapadia,31,F,A1,450
1379,1149,Udarsh Din,25,M,A1,12
1380,1150,Victor Modi,24,M,A1,164
1381,1151,Mason Mutti,34,M,A1,196
1382,1152,Kala Iyengar,29,M,A1,311
1383,1153,Abdul Baria,15,M,A1,217
1384,1154,Yahvi Sarin,18,M,A1,424
1385,1155,Hredhaan Mann,41,M,A1,109
1386,1156,Warjas Gupta,41,M,A1,515
1387,1157,Abhimanyu Mistry,30,M,A1,108
1388,1158,Odika Chhabra,15,F,A1,252
1389,1159,Jonathan Sarkar,31,M,A1,375
1390,1160,Kala Iyengar,29,M,A1,311
1391,1160,Mitali Arora,22,M,A2,141
1392,1161,Parth Dhillon,22,M,A1,187
1393,1162,Zaid Doshi,15,M,A1,349
1394,1163,Qasim Loke,42,M,A1,478
1395,1164,Ikbal Ramakrishnan,33,M,A1,78
1396,1165,Logan Trivedi,35,M,A1,189
1397,1166,Yashica Saraf,42,M,A1,347
1398,1167,Ayushman Kade,38,M,A1,331
1399,1168,Laban Roy,16,M,A1,186
1400,1169,Pallavi Karnik,30,M,A1,499
1401,1170,Simon Nagy,27,M,A1,111
1402,1171,Widisha Shenoy,30,M,A1,34
1403,1172,Nachiket Bose,37,M,A1,4
1404,1172,Anya Mukherjee,45,M,A2,235
1405,1173,Madhav Raghavan,29,M,A1,262
1406,1174,Wridesh Pillay,47,M,A1,103
1407,1174,Samar Sarma,35,M,A2,406
1408,1175,Yatin Modi,35,M,A1,51
1409,1176,Chandani Pathak,24,M,A1,338
1410,1177,Mohammed Nagar,24,M,A1,144
1411,1178,Chanchal Date,17,M,A1,263
1412,1178,Ayushman Kade,38,M,A2,331
1413,1179,Anya Mukherjee,45,M,A1,235
1414,1180,Neel Menon,44,M,A1,468
1415,1181,Mason Mutti,34,M,A1,196
1416,1181,Eesha Sane,22,M,A2,300
1417,1182,Qarin Kothari,33,M,A1,117
1418,1183,Jhalak Kala,47,M,A1,366
1419,1184,Yash Misra,18,M,A1,154
1420,1185,Anya Mukherjee,45,M,A1,235
1421,1185,Gautam Hari,19,M,A2,261
1422,1186,Yahvi Kant,20,M,A1,426
1423,1187,Dipta Viswanathan,32,M,A1,305
1424,1188,Dipta Samra,31,M,A1,39
1425,1189,Mason Wali,30,M,A1,476
1426,1190,Advika Borra,40,M,A1,191
1427,1191,Pranav Kapadia,36,M,A1,115
1428,1192,Wazir Chandran,26,M,A1,13
1429,1193,Abeer Desai,28,M,A1,76
1430,1194,Daniel Sachdev,15,M,A1,436
1431,1195,Hredhaan Mann,41,M,A1,109
1432,1196,Raagini Mital,31,F,A1,210
1433,1197,Samuel Vala,29,M,A1,494
1434,1197,Yash Misra,18,M,A2,154
1435,1198,Yutika Biswas,26,M,A1,230
1436,1199,Shravya Kale,15,F,A1,451
1437,1200,Ekanta Trivedi,24,F,A1,231
