VictimMasterID,CaseMasterID,VictimName,AgeYear,GenderID,VictimPolice
1,1,Gabriel Chakrabarti,28,M,0
2,2,Osha Buch,39,F,0
3,3,Zansi Bail,24,F,0
4,4,Zayyan Salvi,56,M,0
5,5,Varenya Rout,26,M,0
6,6,Hemangini Sarma,23,M,0
7,6,Ganga Kuruvilla,15,F,0
8,7,Samuel Subramanian,51,M,0
9,8,Adweta Bhagat,13,M,0
10,9,Maanav Saran,39,F,0
11,9,Odika Chad,43,M,0
12,10,Qarin Halder,1,F,0
13,10,Inaya D’Alia,13,M,0
14,11,Ranveer Mani,27,F,0
15,12,Lucky Tank,61,F,0
16,13,Lakshit Gill,27,F,0
17,14,Anya Hayre,25,F,0
18,15,Rachana Nazareth,21,M,0
19,16,Atharv Patel,21,M,0
20,17,Ronith Raval,23,F,0
21,18,Henry Sur,22,F,0
22,19,Rachana Bhatia,22,M,0
23,20,Ekavir Chatterjee,22,F,0
24,20,Kala Shan,27,T,0
25,21,Aarav Chauhan,47,M,0
26,22,Ridhi Badal,16,M,0
27,23,Daniel Chaudhry,23,M,0
28,24,Ekani Narayan,25,F,0
29,25,Yash Mistry,32,M,0
30,26,Hiral Bawa,21,F,0
31,26,Turvi Guha,64,F,0
32,27,Ishita Rana,41,F,0
33,28,Anirudh Dewan,47,T,0
34,28,Aarush Mitra,36,M,0
35,29,Ekiya Bora,54,F,0
36,30,Onkar Basu,15,M,0
37,30,Gabriel Rastogi,24,M,0
38,31,Tamanna Srivastava,20,M,0
39,31,Bhavini Kumar,30,F,0
40,32,Ojasvi Dar,56,F,0
41,33,Chandran Kibe,65,M,0
42,34,Nathaniel Vasa,47,F,0
43,35,Omkaar Bumb,31,F,0
44,36,Urvashi Agate,49,M,0
45,37,Pushti Tailor,55,M,0
46,38,Laksh Deshpande,50,F,0
47,39,Bhavini Chaudhuri,30,M,0
48,39,Sachi Pandit,31,F,0
49,40,Veda Sheth,23,M,0
50,41,Luke Vala,29,M,0
51,42,Wakeeta Thaman,21,F,0
52,43,Dominic Chanda,32,M,0
53,44,Veer Mannan,32,F,0
54,45,Yochana Bhalla,20,M,0
55,46,Panini Dutta,73,F,0
56,47,Abhimanyu Suresh,37,M,0
57,48,Upadhriti Sen,52,F,0
58,48,Lakshmi Prabhakar,51,M,0
59,49,Ekansh Ravi,62,F,0
60,50,Nidhi Panchal,19,F,0
61,50,Ishaan Walla,24,M,0
62,51,Tanmayi Iyengar,5,F,0
63,52,Ekaraj Thaker,8,M,0
64,53,Tanay Garde,17,M,0
65,53,Lohit Swamy,30,F,0
66,54,Aradhana Dada,31,F,0
67,55,Ayushman Gade,80,F,0
68,56,Vinaya Shan,40,M,0
69,57,Pranav Lata,47,M,0
70,58,Anamika Bedi,35,M,0
71,59,Yashasvi Sridhar,13,F,0
72,60,Saanvi Choudhury,37,F,0
73,61,Balendra Krishna,8,F,0
74,62,Lavanya Raju,30,M,0
75,63,Tripti Kannan,42,F,0
76,64,Devika Rana,24,M,0
77,65,Netra Chaudhary,35,M,0
78,66,Yash Singh,23,F,0
79,67,Janani Bhatia,16,M,0
80,68,Omisha Padmanabhan,40,F,0
81,69,Yuvraj Zacharia,48,F,0
82,70,Aarush Dua,48,F,0
83,71,Oni Suri,29,F,0
84,72,Harshil Pandit,1,F,0
85,73,Triya Toor,34,M,0
86,74,Jai Ratta,52,M,0
87,75,Ishaan Nori,13,M,0
88,75,Dev Mander,59,F,0
89,76,Yoshita Jayaraman,2,M,0
90,77,Wyatt Dugal,38,M,0
91,78,Kabir Sibal,45,F,0
92,79,Riya Ghosh,55,F,0
93,80,Zilmil Mangal,39,M,0
94,81,Krishna Sarraf,28,M,0
95,81,Chaman Chaudry,35,M,0
96,82,Anirudh Peri,22,F,0
97,82,Urmi Malhotra,3,F,0
98,83,Manya Kari,29,F,0
99,84,Bishakha Thaman,40,M,0
100,85,Vidhi Nayar,48,F,0
101,86,Pavani Ram,25,M,0
102,87,Nisha Morar,55,F,0
103,88,Samarth More,30,F,0
104,89,Adweta Agarwal,40,F,0
105,90,Diya Yadav,44,F,0
106,91,Ekaraj Goel,33,M,0
107,92,Udant Kashyap,31,M,0
108,93,Lavanya Mittal,56,M,0
109,94,Yahvi Morar,7,M,0
110,95,Tara Saraf,33,F,0
111,96,Abha Andra,5,F,0
112,97,Victor Karpe,6,M,0
113,98,Dayita Setty,32,F,0
114,99,Gavin Chowdhury,25,M,0
115,100,Wyatt Sawhney,64,M,0
116,101,Jagrati Hora,29,F,0
117,102,Brinda Rai,50,F,0
118,103,Amruta Sengupta,33,F,0
119,104,Daksha Uppal,14,M,0
120,105,Falan Borra,6,F,0
121,106,Xiti Korpal,12,F,0
122,107,Ayush Hari,37,F,0
123,108,Rushil Singhal,56,M,0
124,109,Janaki Mallick,19,M,0
125,110,Gayathri Jha,45,F,1
126,111,Aarush Deshpande,30,M,0
127,112,Darpan Samra,17,M,0
128,113,Aachal Sant,38,M,0
129,114,Vamakshi Magar,56,F,0
130,115,Nitara Mistry,31,M,0
131,115,Yamini Mukhopadhyay,45,M,0
132,116,Ojasvi Kata,37,M,0
133,117,Nisha Chanda,37,F,0
134,117,Oeshi Ramaswamy,20,M,0
135,118,Megha Merchant,40,F,0
136,119,Kamala Dutt,11,F,0
137,119,Anirudh Singh,38,M,0
138,120,Yashasvi Edwin,53,F,0
139,121,Jhalak Golla,60,M,0
140,122,Tamanna Sengupta,17,F,0
141,123,Isaac Sarkar,39,M,0
142,124,Tamanna Khosla,22,M,0
143,124,Maanas Trivedi,35,M,0
144,125,Balendra Sengupta,61,M,0
145,126,Falguni Rajagopal,46,M,0
146,127,Hemani Patel,23,T,1
147,128,Ijaya Sahni,22,F,0
148,128,Elijah Pathak,33,F,0
149,129,Falan Shankar,34,M,0
150,130,Sanaya Goyal,34,F,0
151,131,Nisha Dass,10,M,0
152,132,Ekbal Kibe,62,M,0
153,133,Caleb Sabharwal,64,M,0
154,134,Sachi Tiwari,40,M,0
155,135,Irya Pandey,19,M,0
156,136,Bhavya Agarwal,23,F,0
157,137,Zinal Sahota,18,F,0
158,138,Triya Kunda,17,F,0
159,139,Jeevika Hari,23,F,0
160,140,Pranit Kalita,39,M,0
161,141,Chanakya Mohan,34,F,0
162,142,Girik Krishnan,55,M,0
163,142,Qushi Korpal,10,M,0
164,143,Rushil Nair,19,M,0
165,144,Timothy Tank,2,M,0
166,145,Fariq Mani,35,M,0
167,146,Shivansh Hans,57,F,0
168,146,Shravya Mahal,25,M,0
169,147,Widisha Pandit,53,M,0
170,148,Zashil Shenoy,43,F,0
171,149,Fitan Naik,46,M,0
172,149,Max Yadav,41,M,0
173,150,Forum Comar,60,M,0
174,150,Charita Bhakta,29,M,0
175,151,Om Konda,43,F,0
176,152,Manthan Subramanian,60,F,0
177,153,Lakshit Venkataraman,17,F,0
178,154,Nathan Chauhan,29,F,0
179,155,Ladli Mann,41,F,0
180,156,Pahal Mishra,20,F,0
181,157,Damini Vaidya,19,F,0
182,158,Zinal Ramesh,63,M,0
183,159,Christopher Mangat,20,M,0
184,160,Urmi Vasa,27,F,0
185,160,Nihal Oommen,36,F,0
186,161,Michael Mallick,39,F,0
187,162,Sarthak Johal,24,F,0
188,163,Ubika Sama,29,M,0
189,164,Eiravati Jha,17,M,0
190,165,Jonathan Memon,24,F,0
191,166,Ansh Krishnamurthy,43,M,0
192,166,Gunbir Venkataraman,46,F,0
193,167,Jagvi Sathe,48,F,0
194,168,Manthan Nagy,32,F,0
195,169,Vansha Pal,30,M,0
196,170,Yahvi Dugal,13,F,0
197,170,Zaitra Bhargava,27,F,0
198,171,Jairaj Deol,35,F,0
199,172,Janani Kothari,49,F,0
200,173,Timothy Das,4,M,0
201,174,Veda Date,27,M,0
202,175,Harshil Shetty,1,F,0
203,176,Aryan Kala,8,F,0
204,177,Samuel Singh,52,F,0
205,178,Sathvik Pau,13,M,0
206,179,Nakul Behl,34,F,0
207,180,Mitesh Parikh,48,M,0
208,181,Andrew Dalal,25,M,0
209,182,Adya Agate,14,M,0
210,183,Yuvraj Kakar,34,M,0
211,184,Udarsh Walia,56,M,0
212,185,Hemangini Padmanabhan,47,F,0
213,185,Arin Vasa,29,F,0
214,186,Anya Sachdeva,24,M,0
215,186,Vyanjana Venkataraman,50,M,0
216,187,Radha Nath,11,M,0
217,187,Vrinda Chatterjee,47,M,0
218,188,Yug Halder,25,F,0
219,189,Atharv More,10,M,0
220,190,Fitan Vig,6,M,0
221,190,Bishakha Chandra,57,M,0
222,191,Falan Nagarajan,29,M,0
223,191,Abhimanyu Saha,19,F,0
224,192,Pushti Comar,32,F,1
225,193,Luke Konda,24,T,0
226,194,Nimrat Andra,24,F,0
227,194,Arin Mane,25,F,0
228,195,Reva Kannan,33,M,0
229,196,Aarnav Parsa,44,M,0
230,196,Oviya Kata,10,F,0
231,197,Chakradev Kuruvilla,53,M,0
232,197,Kala Tara,18,F,0
233,198,Qarin Grover,36,M,0
234,199,Jyoti Sathe,32,M,0
235,200,Mason Mohanty,20,M,0
236,201,Sachi Chandran,50,F,0
237,202,Faqid Contractor,21,F,0
238,203,Ganga Balasubramanian,54,F,0
239,204,Frederick Bora,43,F,0
240,205,Fiyaz Pandey,21,F,0
241,206,Lavanya Ahuja,15,F,0
242,207,Jasmit Talwar,48,M,0
243,208,Ekanta Yadav,15,F,0
244,209,Chakradhar Saha,31,M,0
245,210,Nidhi Pillai,43,M,0
246,211,Ekanta Mammen,39,F,0
247,212,Siddharth Golla,29,T,0
248,213,Victor Golla,22,F,0
249,214,Libni Gala,43,M,0
250,215,Qasim Grewal,4,F,0
251,216,Zayan Edwin,36,F,0
252,217,Harish Aggarwal,13,F,0
253,218,Anusha Batra,19,M,0
254,219,Tanveer Madan,38,F,0
255,220,Nicholas Jhaveri,21,F,0
256,221,Faris Chana,50,F,0
257,222,Mahika Sachar,43,F,0
258,223,Jagrati Saraf,22,M,0
259,224,Wishi Parmer,29,M,0
260,225,Christopher Nagy,16,F,0
261,226,Balvan Saini,40,F,0
262,227,Naveen Kannan,56,M,0
263,228,Wriddhish Bahl,15,F,0
264,229,Sneha Khosla,35,M,0
265,230,Peter Nagy,37,F,0
266,230,Jai Patil,14,M,0
267,231,Oviya Mutti,17,F,0
268,232,Megha Nigam,5,M,0
269,232,Gunbir Bakshi,41,M,0
270,233,Udyati Talwar,27,M,0
271,234,Nilima Chaudhary,22,M,0
272,235,Harshil Subramanian,63,F,0
273,236,Leela Raju,5,M,0
274,237,Timothy Sama,52,M,0
275,238,Robert Sha,1,F,0
276,239,Xalak Sem,25,M,0
277,240,Upma Jaggi,7,M,0
278,241,Oliver Raman,20,F,0
279,242,Tarak Dugal,24,F,0
280,243,Luke Ram,22,F,0
281,244,Unnati Kade,36,F,0
282,245,Nicholas Balan,46,F,0
283,246,Damyanti Shukla,31,M,0
284,247,Isaiah Dhillon,37,F,0
285,248,Xalak Sachdev,56,M,0
286,249,Ekta Raghavan,22,F,0
287,250,Sanaya Ben,46,F,0
288,251,Ojasvi Das,70,F,0
289,252,Charvi Iyer,60,F,0
290,253,Kai Loyal,57,M,0
291,254,Krish Jayaraman,43,M,0
292,255,Ishaan Bose,50,M,0
293,256,Raghav Apte,25,M,0
294,257,Ekiya Mahajan,31,F,0
295,258,Aarna Barad,30,M,0
296,259,Logan Brar,23,M,0
297,260,Ekta Char,35,M,0
298,261,Baghyawati Vala,25,M,0
299,261,Gaurangi Ray,33,M,0
300,262,Yauvani Chacko,12,M,0
301,263,Agastya Brar,24,F,0
302,264,Jai Shukla,52,M,0
303,265,Vrishti Gour,35,F,0
304,265,Parth Lata,53,F,0
305,266,Ekta Krishnamurthy,23,F,0
306,266,Faqid Kala,29,F,0
307,267,Sanya Hegde,36,M,0
308,268,Faris Ramaswamy,30,M,0
309,269,Ati Issac,12,M,0
310,270,Nimrat Thakur,41,M,0
311,271,Ekapad Gala,18,T,0
312,271,Zansi Chadha,32,F,0
313,272,Rajeshri Maharaj,1,M,0
314,273,Girish Arya,23,M,0
315,274,Vasudha Palan,31,F,0
316,275,Veer Gaba,41,F,0
317,276,Chanchal Golla,14,M,0
318,277,Odika Saini,19,M,0
319,278,Peter Dugar,59,F,0
320,279,Bakhshi Thaman,62,M,0
321,280,Rachit Dyal,40,F,0
322,281,Tanveer Borra,52,F,0
323,282,Christopher Bumb,27,F,0
324,283,Victor Vohra,42,M,0
325,284,Urishilla Hayer,42,M,0
326,284,Yatin Ray,18,F,0
327,285,Harrison Arya,35,M,0
328,285,Reyansh Rana,28,M,0
329,286,Harini Bala,38,M,0
330,287,Jalsa Shanker,24,F,0
331,287,Yagnesh Lad,11,F,0
332,288,Rohan Behl,33,M,0
333,289,Chatura Varty,45,F,0
334,290,Timothy Nanda,45,F,0
335,290,Gavin Madan,6,F,0
336,291,Gauri Swamy,35,M,0
337,291,Unnati Sachar,43,T,0
338,292,Pavani Din,35,F,1
339,293,Rudra Hari,45,M,0
340,294,Jairaj Dora,11,T,0
341,295,Lipika Ghosh,15,F,0
342,296,Ganga Seth,41,F,0
343,296,Aarini Kannan,27,M,0
344,297,Max Shetty,50,F,0
345,298,Riya Mani,37,M,0
346,299,Darika Palan,19,F,0
347,300,Oscar Shankar,18,F,0
348,301,Oscar Tailor,4,F,0
349,302,Eesha Rattan,43,M,0
350,302,Zilmil Narula,31,M,0
351,303,Zayan Dugal,46,F,0
352,304,Shivani Menon,36,M,0
353,305,Yutika Nagar,34,F,0
354,306,Yashodhara Nanda,45,F,0
355,306,Veer Aggarwal,31,F,0
356,307,Ojasvi Mutti,28,M,0
357,308,Nidra Bassi,32,M,0
358,309,Harshil Rao,45,M,0
359,310,Geetika Dewan,18,F,0
360,311,Pranav Mallick,46,M,0
361,312,Nihal Ravi,33,M,0
362,313,Oeshi Chowdhury,27,M,0
363,314,Praneel Saraf,35,F,0
364,314,Jacob Taneja,50,F,0
365,315,Urmi Dhingra,50,F,0
366,316,Pallavi Ghose,38,F,0
367,317,Tanish Agarwal,42,F,0
368,318,Chakradhar Borah,33,M,0
369,319,Avni Khosla,24,M,0
370,320,Harinakshi Jha,39,F,0
371,321,Simon Sharma,26,M,0
372,322,Aayush Bahl,17,F,0
373,322,Pavani Thakur,26,F,0
374,323,Omkaar Walla,8,F,0
375,324,Warinder Pandya,14,F,0
376,324,Zinal Randhawa,63,M,0
377,325,Fitan Gaba,49,M,0
378,326,Meghana Deshmukh,29,F,0
379,327,Ekaja Rajagopal,40,F,0
380,328,Zehaan Bora,18,M,0
381,329,Ekavir Agrawal,42,M,0
382,329,Jeevika Kapadia,36,F,0
383,330,Rishi Raman,22,M,0
384,331,Sai Walla,28,M,0
385,332,Jacob Venkataraman,27,F,0
386,333,Hamsini Bera,45,M,0
387,334,Ayush Ravi,31,F,0
388,335,Nachiket Ahuja,9,M,0
389,336,Gaurav Dada,26,M,0
390,337,Ati Dua,21,M,0
391,338,David Varughese,10,M,0
392,338,Pavani Pandit,21,F,0
393,339,Bhavika Garg,1,M,0
394,340,Bakhshi Mishra,19,M,0
395,340,Praneel Soman,35,M,0
396,341,Yashasvi Mittal,39,F,0
397,342,Oeshi Tripathi,40,M,0
398,342,Vyanjana Doctor,47,F,0
399,343,Lekha Kaul,50,M,0
400,344,Abhiram Luthra,17,F,0
401,345,Tejas Mannan,12,M,0
402,346,Tanmayi Saha,33,M,0
403,347,Farhan Nazareth,41,M,0
404,348,Jeet Naidu,20,M,0
405,348,Dominic Jha,36,M,0
406,349,Samarth Gandhi,60,M,0
407,349,Ijaya Chatterjee,12,F,0
408,350,Ekavir Anand,33,M,1
409,350,Anya Golla,48,F,0
410,351,Ijaya Suri,30,F,0
411,352,Advaith Radhakrishnan,39,M,0
412,352,Neelima Singhal,46,M,0
413,353,Ishita Borah,28,F,1
414,354,Azaan Ramanathan,17,F,0
415,355,Imaran Sekhon,31,F,0
416,356,Andrew Mannan,16,F,0
417,357,Girindra Bora,24,F,0
418,358,Nikita Karnik,39,M,0
419,359,Vyanjana Sant,35,M,0
420,360,Aarav Dass,47,F,0
421,360,Nirja Kanda,36,F,0
422,361,Aachal Chakraborty,21,F,0
423,362,Benjamin Gulati,18,M,0
424,363,Saksham Pandit,42,F,0
425,364,Shaurya Dora,36,M,0
426,365,Varenya Johal,30,F,0
427,366,Viraj D’Alia,38,M,0
428,367,Kiaan Tandon,22,F,0
429,368,Vasatika Mutti,1,M,0
430,369,Geetika Khare,48,F,0
431,370,Chandani Chanda,42,M,0
432,371,Guneet Lad,31,M,0
433,371,Alka Kala,19,F,0
434,372,David Doshi,29,F,0
435,373,Pallavi Om,7,M,0
436,374,Nicholas Sarkar,34,M,0
437,375,Samar Morar,3,M,0
438,376,Samarth Amble,34,M,0
439,377,Ekansh Sehgal,22,M,0
440,378,Tanmayi Saha,30,F,0
441,379,Chandran Mandal,15,M,0
442,379,Sanya Bhatia,55,F,0
443,380,Maya Dubey,38,F,0
444,381,Zayan Kata,22,M,0
445,382,Wishi Krishnamurthy,30,F,0
446,383,Hredhaan Kade,57,F,0
447,384,Arunima Kata,18,F,0
448,385,Jagvi Rege,16,F,0
449,385,Champak Kashyap,15,F,0
450,386,Sarthak Narain,22,F,0
451,387,Ridhi Dhar,55,F,0
452,388,Mekhala Randhawa,24,M,0
453,389,Janya Aurora,26,M,0
454,390,Gautam Pandit,36,F,0
455,390,Karan Bali,32,F,0
456,391,Tara Bera,47,M,0
457,392,Vihaan Krishna,45,F,0
458,393,Kai Sundaram,37,M,1
459,394,Guneet Deo,29,M,0
460,395,Oviya Oommen,47,F,0
461,396,Janani Bhasin,21,F,0
462,397,Vinaya Bala,20,F,0
463,398,Nidra Saraf,26,F,0
464,399,Abhiram Sane,50,F,0
465,399,Neelima Devan,20,F,0
466,400,Divya Raghavan,23,F,0
467,401,Lila Din,35,M,0
468,401,Jatin Bhat,32,M,0
469,402,Maya Goel,27,M,0
470,403,Meghana Suresh,40,F,0
471,403,Gautam Lala,25,F,0
472,404,Veer Arya,48,F,0
473,405,Ethan Karpe,36,F,0
474,406,Edhitha Banerjee,48,F,0
475,407,Amara Manda,21,M,0
476,408,Madhavi Shanker,30,M,0
477,409,Devika Pai,4,M,1
478,410,Owen Varughese,53,F,0
479,410,Omya Kant,67,F,0
480,411,Tanveer Gokhale,28,M,0
481,412,Udant Salvi,38,M,0
482,412,Rachana Dugal,34,M,0
483,413,Jalsa Shroff,13,F,0
484,414,Avni Gola,51,M,0
485,415,Leela Bains,28,F,0
486,416,Ethan Golla,2,F,0
487,417,Mugdha Doshi,22,M,0
488,418,Triveni Sura,12,M,0
489,418,Vrishti Wagle,34,M,0
490,419,Bhavini Bhakta,34,M,0
491,419,Udarsh Varghese,50,F,0
492,420,Utkarsh Ramanathan,60,M,0
493,421,Krisha Yohannan,61,M,0
494,422,Lipika Sane,17,F,1
495,423,Bhavika Hayre,42,F,0
496,424,Qarin Tara,44,F,0
497,425,Karan Misra,25,M,0
498,426,Aadi Cherian,37,F,0
499,426,Jagdish Dhar,38,F,0
500,427,Wazir D’Alia,25,M,0
501,428,Vanya Bains,52,M,0
502,428,Chaaya Sahni,36,F,0
503,429,Riya Luthra,30,M,0
504,430,Darpan Ahluwalia,14,M,0
505,430,Ria Halder,50,M,0
506,431,Rohan Bhardwaj,34,M,0
507,432,Madhavi Prashad,34,F,0
508,433,Qadim Basak,20,M,0
509,434,Jalsa Pant,46,M,0
510,435,Finn Hans,15,M,0
511,436,Frado Khosla,1,F,0
512,436,Ojasvi Nath,22,M,0
513,437,Faraj Gala,38,F,0
514,438,Joshua Dayal,38,M,0
515,439,Warda Brahmbhatt,35,F,0
516,439,Inaya Upadhyay,30,M,0
517,440,Triveni Sami,35,M,0
518,441,Aahana Zachariah,75,M,0
519,442,Wyatt Kadakia,36,M,0
520,443,Dayita Zachariah,26,M,0
521,444,Udarsh Dani,31,F,0
522,445,Ayush Raj,29,M,0
523,445,Chakradhar Tailor,34,M,0
524,446,Rachit Amble,19,M,0
525,447,Utkarsh Shanker,44,F,0
526,448,Nitesh Tak,37,F,0
527,449,Anamika Patla,21,F,0
528,450,Charvi Mand,48,T,0
529,451,Ekbal Wali,4,F,0
530,452,Frado Kalita,65,F,0
531,453,Onveer Lanka,61,F,0
532,454,Watika Krishna,58,M,0
533,455,Sachi Bhakta,25,M,1
534,456,Lucky Raman,36,F,0
535,457,Dalbir Trivedi,23,F,0
536,458,Hredhaan Kant,39,M,0
537,458,Kiaan Raja,33,F,0
538,459,Mekhala Sethi,26,M,0
539,460,Ayushman Nadig,25,F,0
540,461,Ikbal Ravi,34,M,1
541,462,Aachal Bera,77,M,0
542,463,Tara Ahluwalia,52,M,1
543,464,Samarth Thaman,34,F,0
544,465,Vinaya Tara,30,M,0
545,466,Ekaja Chana,42,F,0
546,467,Maanav Ghosh,23,M,0
547,468,Peter Yogi,29,F,0
548,469,Krisha Chakrabarti,3,F,0
549,470,Gaurika Sengupta,34,F,0
550,471,Jonathan Chopra,34,M,0
551,472,Pranav Ramaswamy,24,M,0
552,472,Hema Kalla,39,F,0
553,473,Girish Gola,34,M,0
554,474,Chaman Savant,25,F,0
555,475,Devansh Anne,45,F,0
556,476,Kamala Pai,30,F,0
557,476,Mohini Chana,17,F,0
558,477,Kamala Zachariah,6,M,0
559,478,Umang Varma,54,F,0
560,479,Shivani Yohannan,34,M,0
561,479,Eesha Sharma,34,F,0
562,480,Ansh Shanker,32,F,0
563,481,Robert Sule,51,M,0
564,482,Yashasvi Badal,35,F,0
565,483,Champak Balan,56,M,0
566,484,Pushti Subramanian,35,F,0
567,485,Janaki Bawa,1,M,0
568,486,Prisha Pant,52,F,0
569,487,Omkaar Konda,37,F,0
570,488,Vritti Biswas,25,M,0
571,488,Ranbir Gandhi,29,F,0
572,489,Rayaan Bose,28,F,0
573,490,Nicholas Sani,14,M,0
574,491,Jacob Toor,46,F,0
575,492,Anmol Krishnamurthy,26,F,0
576,493,Nitara Koshy,19,M,0
577,494,Arin Hayre,90,M,0
578,495,Pranit Anne,15,F,0
579,496,Omkaar Basak,31,T,0
580,497,Sanya Bhagat,1,F,0
581,498,Chasmum Kant,51,F,0
582,498,Saumya Merchant,28,F,0
583,499,Panini Uppal,45,F,0
584,500,Balendra Salvi,18,F,0
585,500,Widisha Chaudry,8,F,0
586,501,Atharv Bhasin,21,M,0
587,502,Forum Devi,53,F,0
588,503,Rachana Memon,41,M,0
589,504,Bachittar Zacharia,8,F,0
590,504,Rehaan Balasubramanian,1,F,0
591,505,Vihaan Chacko,28,F,0
592,506,Ekalinga Kala,49,M,0
593,507,Laban Varma,21,M,0
594,508,Wakeeta Swaminathan,49,F,0
595,509,Tara Sheth,34,M,0
596,510,Vasudha Bhavsar,59,F,0
597,511,Gunbir Nayar,22,F,0
598,512,Jagrati Wadhwa,32,M,0
599,513,Tanish Iyer,23,M,0
600,514,Samarth Guha,47,M,0
601,515,Amara Salvi,41,M,0
602,516,Anya Hayer,7,F,0
603,517,Ishita Keer,43,F,0
604,518,Neel Ghosh,10,F,0
605,519,Rajata Sundaram,19,M,0
606,520,Rohan Ghose,44,M,0
607,521,Manthan Thaman,14,F,0
608,522,Saumya Chauhan,27,M,0
609,523,Simon Raju,44,M,0
610,524,Nathan Samra,39,M,0
611,525,Sara Krishnamurthy,38,F,0
612,526,Ekavir Mody,44,M,0
613,526,Yash Brahmbhatt,52,M,0
614,527,Pratyush Bhatt,14,F,0
615,527,Ansh Rout,37,M,0
616,528,Sathvik D’Alia,47,F,0
617,529,Lipika Kannan,44,M,0
618,530,Daniel Mohan,30,M,0
619,531,Devansh Pal,29,F,0
620,532,Darika Chandran,45,M,0
621,533,Umang Dass,36,M,0
622,534,Bishakha Setty,49,M,0
623,535,Zansi Bhatnagar,34,F,0
624,536,Ijaya Chanda,27,M,0
625,537,Ekanta Bobal,6,F,0
626,537,Aarush Kant,29,F,0
627,538,Nidhi Seth,14,M,0
628,538,Bhavika Choudhry,5,F,0
629,539,Devika Parekh,20,F,0
630,540,Siddharth Chacko,43,F,0
631,541,Amaira Bhagat,29,F,1
632,542,Udyati Cheema,35,M,0
633,543,Vansha Kamdar,43,M,0
634,544,Yatan Rajan,32,M,0
635,545,Aishani Desai,22,F,0
636,546,Upkaar Khurana,26,M,0
637,547,Jeremiah Mani,44,M,0
638,547,Januja Bala,32,M,0
639,548,Manbir Bhatia,1,F,0
640,549,Max Korpal,27,M,0
641,550,Gaurang Kurian,40,F,0
642,551,Aahana Setty,35,M,0
643,552,Bhavika Thaker,17,F,0
644,553,Frederick Kulkarni,21,M,0
645,554,Panini Grewal,3,M,0
646,555,William Parsa,41,F,0
647,556,Manthan Kala,42,M,0
648,557,Timothy Bir,30,F,0
649,557,Jagvi Pillay,27,F,0
650,558,Xalak Ramanathan,16,F,0
651,559,Hamsini Srinivas,37,M,0
652,560,Yutika Sanghvi,8,M,0
653,560,Yug Narayanan,44,M,0
654,561,Ekanta Balakrishnan,41,M,0
655,562,Anamika Dutta,50,F,0
656,563,Aditya Luthra,33,F,0
657,564,Sathvik Rau,25,M,0
658,565,Ansh Ram,39,F,0
659,566,Isaiah D’Alia,44,F,0
660,567,Tara Balakrishnan,15,M,0
661,568,Girik Jaggi,31,F,0
662,569,Ishanvi Pai,36,F,0
663,570,Ekantika Loke,40,M,0
664,571,Ranveer Jha,27,F,0
665,572,Charles Narayan,42,M,0
666,573,Harsh Virk,18,F,0
667,574,Frederick Nath,63,F,0
668,574,Gaurang Bhardwaj,23,F,0
669,575,Dev Maharaj,39,M,0
670,575,Ekaraj Raju,24,F,0
671,576,Barkha Sampath,34,F,0
672,577,Indrajit Bains,16,M,0
673,578,Dhruv Mangal,49,F,0
674,578,Jasmit Ratti,20,F,0
675,579,Sachi Bhandari,34,M,0
676,580,Vivaan Bahri,32,F,0
677,581,Ojas Sura,22,M,0
678,581,Idika Zacharia,1,F,0
679,582,Nimrat Saran,48,F,0
680,583,Indali Sharma,35,M,0
681,584,Vidhi Devan,6,M,0
682,585,Aryan Panchal,4,M,0
683,586,Ekalinga Amble,28,F,0
684,587,Rohan Srivastava,31,F,0
685,588,Jai Prashad,29,F,0
686,589,Daksha Anand,54,M,0
687,590,Noah Talwar,7,F,0
688,591,Yauvani Gaba,36,F,0
689,592,Jatin Deshpande,42,F,0
690,593,Anita Buch,42,M,0
691,594,Vasatika Brar,46,M,0
692,595,Abha Oza,34,F,0
693,596,Unni Babu,36,M,0
694,597,Krishna Mital,28,F,1
695,598,Chameli Kadakia,10,M,0
696,599,Ekaraj Ramachandran,37,F,0
697,600,Raghav Badami,26,M,0
698,601,Hiral Sangha,21,M,0
699,602,Udarsh Sengupta,38,F,0
700,603,Saanvi Dave,39,M,0
701,603,Ryan Hora,22,F,0
702,604,Yadavi Dar,36,M,0
703,605,Bachittar Sibal,31,M,0
704,606,Darsh Srinivas,35,M,0
705,607,Raghav Mander,51,M,0
706,608,Varenya Virk,39,M,0
707,608,Watika Maharaj,38,F,0
708,609,Nirja Bera,19,F,0
709,610,Yatan Bhakta,21,F,0
710,611,Osha Sethi,40,F,0
711,612,Thomas Din,9,M,0
712,613,Prisha Thaker,27,F,0
713,614,Gagan Barad,21,M,0
714,615,Jagat Wason,30,F,0
715,616,Ishita Chadha,29,F,0
716,617,Naveen Tiwari,34,M,0
717,618,Manan Mahal,39,M,0
718,619,Krish Cherian,47,M,0
719,620,Wakeeta D’Alia,48,F,0
720,621,Yachana Mital,29,F,1
721,622,Ucchal Sidhu,24,M,0
722,623,Faraj Dalal,21,M,0
723,624,Viraj Chaudry,28,F,0
724,625,Lopa Toor,18,M,0
725,626,Januja Chowdhury,40,M,0
726,627,Rajeshri Yadav,48,M,0
727,628,Jagrati Bhatti,10,M,0
728,629,Yadavi Magar,33,M,0
729,630,Niharika Srinivasan,56,F,0
730,631,Om Ganesh,10,M,1
731,632,Aarush Dar,55,M,0
732,633,Vincent Puri,20,F,0
733,634,Odika Parekh,23,F,0
734,635,Andrew Taneja,42,M,0
735,636,Urishilla Ahuja,40,F,0
736,636,Mohini Subramaniam,31,M,0
737,637,Rohan Chaudhry,21,M,0
738,638,Hemangini Bava,14,M,0
739,639,Niharika Buch,31,F,1
740,640,Lipika Roy,29,F,0
741,641,Oviya Dada,21,F,0
742,642,Daniel Mukherjee,29,M,0
743,643,Gopal Swaminathan,36,M,0
744,644,Vrishti Yohannan,49,M,0
745,645,Qabil Chander,35,M,0
746,646,Lajita Suresh,30,F,0
747,647,Jason Raval,20,M,0
748,648,Ayaan Luthra,21,F,0
749,649,Fiyaz Nori,36,F,0
750,649,Jhalak Kaul,37,M,0
751,650,Daniel Aggarwal,29,F,0
752,651,Neelima Bail,46,F,0
753,651,Tanvi Boase,33,M,0
754,652,Timothy Dara,25,M,0
755,653,Riya Shanker,23,F,0
756,654,Warinder Arya,22,F,0
757,655,Ria Talwar,40,M,0
758,656,Girindra Chokshi,23,M,0
759,657,Eiravati Das,34,M,0
760,658,Indira Tripathi,20,M,0
761,659,Chasmum Dhar,30,M,0
762,660,Ekanta Talwar,32,F,0
763,661,Arjun Mohan,68,F,0
764,662,Devansh Rajagopalan,13,F,0
765,663,Isaac Shukla,45,F,0
766,664,Falguni Date,21,F,0
767,665,Anika Ghosh,53,F,0
768,666,Rajata Basak,22,F,0
769,666,Anthony Chaudhuri,48,M,0
770,667,Turvi Ravi,36,F,0
771,668,Jeevika Tara,13,M,0
772,669,Ekiya Golla,35,F,0
773,670,Kala Gaba,40,M,0
774,671,Qasim Chaudry,41,F,0
775,672,Dalaja Datta,29,F,0
776,673,Tara Mitra,71,M,0
777,674,Vincent Nadkarni,62,M,0
778,675,Yoshita Pradhan,38,M,0
779,676,Harrison Ahuja,13,M,0
780,677,Ojasvi Basu,17,F,0
781,678,Ayushman Banik,28,M,0
782,679,Mugdha Tata,31,F,0
783,680,Udant Garde,20,M,0
784,681,Pushti Pai,24,F,0
785,682,Joshua Dhaliwal,3,M,0
786,683,Watika Bora,1,M,0
787,684,Aradhana Tank,33,M,0
788,685,Qushi Loyal,56,M,0
789,686,Indrajit Sem,9,M,0
790,687,Ojas Pal,29,T,0
791,687,Gopal Sachdeva,32,M,0
792,688,Frado Lanka,38,M,0
793,689,Rajata Pal,25,F,0
794,690,Ojasvi Khurana,16,M,0
795,691,Chakradev Dhar,42,M,0
796,692,Bachittar Ahluwalia,3,M,0
797,693,Aradhana Bera,38,F,0
798,694,Andrew Kanda,20,M,0
799,695,Yashawini Vala,36,M,0
800,696,Rayaan Nagi,50,M,0
801,697,Meghana Sibal,22,F,0
802,698,Caleb Taneja,27,M,0
803,699,Netra Maharaj,26,F,0
804,700,Christopher Mohanty,67,M,0
805,701,Triveni Sridhar,31,F,0
806,702,Girindra Chanda,30,F,0
807,702,Yachana Bhatia,31,F,0
808,703,Aditya Magar,53,F,0
809,704,Jai Nath,23,M,0
810,705,Tanvi Solanki,44,M,0
811,706,Bhanumati Badami,21,M,0
812,707,Eiravati Sengupta,20,M,0
813,708,Ishani Memon,38,M,0
814,709,Tejas Shere,51,M,0
815,709,Isaiah Dara,27,M,0
816,710,Udarsh Goyal,27,M,0
817,711,Kai Chada,42,F,0
818,711,Manan Loke,32,F,0
819,712,Ekiya Basu,43,F,0
820,713,Ekaraj Parmar,8,M,0
821,713,Bhavya Ram,17,M,0
822,714,Ekiya Parikh,32,F,0
823,714,Tejas Rai,39,M,0
824,715,Gaurang Sidhu,31,F,0
825,716,Chandran Sarna,34,F,0
826,717,Advika Mitter,42,F,0
827,718,Irya Korpal,14,F,0
828,719,Oni Parmar,42,M,0
829,720,Aarush Nadkarni,48,F,0
830,721,Dev Viswanathan,27,F,0
831,721,Oni Chada,20,F,0
832,722,Samarth Khosla,46,M,0
833,723,Warinder Buch,58,M,0
834,724,Tanay Om,35,F,0
835,725,Theodore Yogi,19,M,0
836,726,Ekiya Acharya,32,M,0
837,727,Simon Pillai,20,T,0
838,728,Hemang Brahmbhatt,43,M,0
839,729,Avni Jayaraman,32,F,0
840,730,Amol Korpal,19,F,0
841,731,Lucky Kant,35,F,0
842,732,Anusha Dave,23,M,0
843,733,Arjun Biswas,13,M,0
844,734,Guneet Deep,44,F,0
845,734,Benjamin Ramachandran,37,F,0
846,735,Charles Vasa,25,M,0
847,736,Neha Ramesh,52,F,0
848,737,Garima Butala,21,F,0
849,738,Maanav Dave,26,F,0
850,739,Thomas Chandra,38,M,0
851,740,Anusha Sharaf,46,M,0
852,741,Jackson Jani,38,F,1
853,742,Noah Korpal,24,F,0
854,743,Chanakya Palan,29,F,0
855,744,Anjali Shenoy,23,F,0
856,745,Hema Zacharia,28,F,0
857,746,Sanaya Chacko,29,M,0
858,747,Rudra Thakkar,39,F,0
859,748,Xiti Venkatesh,22,M,0
860,749,Jeet Sani,47,M,0
861,750,Charan Mishra,32,F,0
862,751,Fiyaz Pillay,20,M,0
863,752,Fitan Rajagopalan,38,M,0
864,753,Arunima Rajagopalan,31,F,0
865,754,Hitesh Shukla,26,F,0
866,755,Oviya Muni,54,M,0
867,756,Samaksh Tara,28,M,0
868,756,Chandran Palan,26,F,0
869,757,Ojasvi Jhaveri,47,M,0
870,758,Reyansh Shere,40,M,0
871,759,Imaran Rana,44,M,0
872,760,Vrinda Sahota,24,M,0
873,761,Xalak Jhaveri,36,M,0
874,762,Damyanti Nori,12,F,0
875,763,Mitesh Sehgal,4,F,0
876,764,Zehaan Ramachandran,24,F,0
877,765,Gabriel Parekh,33,M,0
878,766,Yahvi Kumer,69,F,0
879,767,Falak Kapur,51,M,1
880,768,Chakradhar Oak,16,F,0
881,769,Kashvi Sibal,46,F,0
882,770,Omaja Sidhu,12,M,0
883,770,Yahvi Sarma,55,F,0
884,771,Diya Raju,25,F,0
885,772,Upasna Prabhu,24,T,0
886,773,Praneel D’Alia,48,M,0
887,774,Rudra Parsa,24,M,0
888,774,Meghana Radhakrishnan,59,F,0
889,775,Akshay Mane,24,F,0
890,776,Kai Palla,46,F,0
891,777,Vivaan Sinha,34,F,0
892,778,Indali Iyer,43,M,0
893,779,Ayaan Pal,17,F,0
894,779,Xiti Soman,5,F,0
895,780,Girish Mutti,18,M,0
896,781,Gabriel Sastry,26,F,0
897,782,Aashi Sidhu,30,M,0
898,783,Reyansh Magar,25,F,0
899,784,Isaac Wali,1,F,0
900,785,Omaja Ahluwalia,23,M,0
901,786,Hemal Sachdev,33,M,0
902,786,Krishna Dasgupta,29,F,0
903,787,Garima Cherian,27,F,0
904,787,Rachana Konda,26,F,0
905,788,Gopal Yogi,33,F,0
906,789,Samaksh Jayaraman,17,M,0
907,790,Krisha Kunda,29,M,0
908,791,Libni Sharaf,26,M,0
909,792,Aarnav Morar,14,M,0
910,792,Balvan Mutti,30,M,0
911,793,Kritika Kade,3,F,0
912,794,Madhavi Keer,22,F,0
913,795,Unni Tiwari,38,F,0
914,796,Gaurika Mangat,39,F,0
915,797,Tanmayi Borra,33,M,0
916,798,Gavin Shenoy,36,M,0
917,799,Urvashi Sastry,42,F,0
918,800,Aishani Bose,34,F,0
919,800,Udyati Gala,50,F,0
920,801,Arin Sekhon,1,M,0
921,802,Balvan Amble,45,M,0
922,803,Anthony Johal,1,F,0
923,804,Yashica Butala,23,M,0
924,805,Vivaan Doctor,43,F,0
925,806,Fiyaz Koshy,42,M,0
926,807,Yauvani Sharma,18,F,0
927,808,Warhi Kibe,32,F,0
928,809,Benjamin Pandey,24,F,0
929,810,Samesh Solanki,45,T,0
930,811,David Ganesan,31,M,0
931,812,Ekani Soman,23,M,0
932,813,Anjali Garg,38,M,0
933,814,Fiyaz Doctor,41,F,0
934,814,Ansh Halder,30,M,0
935,815,Indira Tak,42,M,0
936,816,Udarsh Shere,56,M,0
937,817,Vrishti Sehgal,1,M,0
938,818,Maanas Vyas,51,F,0
939,819,Yashvi Krishnamurthy,54,M,0
940,819,Osha Suri,39,F,0
941,820,Zaid Parsa,28,F,0
942,821,Jeevika Borah,9,F,0
943,822,Dominic Rai,33,F,0
944,822,Elijah Gopal,26,M,0
945,823,Wazir Nayar,12,M,0
946,824,Hardik Sharma,23,F,0
947,825,Janani Ratta,32,M,0
948,826,Chatresh Shanker,37,F,0
949,827,Zaid Dar,17,M,0
950,828,Arya Dhar,1,M,0
951,829,Vedika Kapoor,29,F,0
952,830,Azaan Sridhar,19,M,0
953,831,Manbir D’Alia,26,M,0
954,832,Pratyush Majumdar,2,F,0
955,833,Tanveer Badami,28,M,0
956,833,Krishna Rajagopal,38,F,0
957,834,Jackson Srinivas,26,M,0
958,835,Henry Bhardwaj,34,M,0
959,836,Vrishti Reddy,28,F,0
960,837,Rayaan Kara,3,F,0
961,838,Sneha Chatterjee,34,F,0
962,839,Wazir Chandran,21,M,0
963,840,Rachit Srinivasan,13,M,0
964,841,Kalpit Bansal,43,F,0
965,841,Vyanjana Dass,37,M,0
966,842,Yashawini Aggarwal,23,M,0
967,843,Geetika Ghose,30,M,0
968,844,Charan Kunda,35,M,0
969,845,Arunima Sarin,7,M,0
970,845,Isha Kalla,15,M,0
971,846,Nilima Devi,16,M,0
972,847,Raksha Handa,40,F,0
973,848,Brinda Toor,56,F,0
974,849,Vedika Sarraf,41,M,0
975,850,Joshua Sarma,34,F,0
976,851,Janaki Das,17,M,0
977,851,Henry Bhat,44,F,0
978,852,Naveen Mane,27,M,0
979,853,Saanvi Bhagat,17,M,0
980,854,Lekha Sampath,43,F,1
981,855,Reva Prashad,52,M,0
982,856,Unnati Buch,44,F,0
983,856,Sanya Bava,68,M,0
984,857,Akshay Mane,21,F,0
985,858,Anthony Sarin,25,F,0
986,859,Peter Kapur,19,M,0
987,860,Imaran Kakar,19,M,0
988,861,Hemal Raj,53,M,0
989,862,Lila Bhasin,16,F,0
990,863,Laban Magar,24,M,0
991,863,Nidra Saran,51,F,0
992,864,Jalsa Varty,38,M,0
993,865,Jai Bakshi,17,M,0
994,866,Om Bajwa,31,M,0
995,866,Faqid Kari,7,M,0
996,867,Nidra Nair,29,M,0
997,868,Ati Ratta,34,M,0
998,869,Ati Saxena,35,F,0
999,870,Megha Kant,61,M,0
1000,870,Sara Bhandari,44,F,0
1001,871,Bhavani Nath,15,M,0
1002,872,Avni Rama,34,M,0
1003,873,Oscar Dani,32,F,0
1004,874,Harsh Prashad,60,M,0
1005,875,Logan Menon,26,F,0
1006,876,Ishwar Parekh,34,M,0
1007,876,Xiti Jaggi,37,F,0
1008,877,Nimrat Brahmbhatt,16,F,0
1009,877,Samarth Purohit,10,F,0
1010,878,Ishaan Varkey,29,M,0
1011,879,Nidhi Dey,43,F,0
1012,879,Vansha Jhaveri,13,F,0
1013,880,Guneet Dua,31,F,0
1014,881,Unni Handa,22,F,0
1015,882,Kavya Dave,3,T,0
1016,883,Adya Karpe,36,F,0
1017,883,Harinakshi Kaur,39,M,0
1018,884,Anusha Loyal,43,M,0
1019,885,Gautam Goel,44,F,0
1020,886,Sanya Dasgupta,31,M,0
1021,887,Jeremiah Karan,39,F,0
1022,888,Pratyush Nagy,35,M,0
1023,889,Chandani Loke,1,F,0
1024,890,Rachit Badami,10,M,0
1025,891,Sanya Koshy,21,F,0
1026,892,Rishi Gole,33,M,0
1027,892,Meghana Prabhu,37,F,0
1028,893,Nimrat Swaminathan,42,M,0
1029,894,Simon Balay,43,M,0
1030,895,Janani Tella,35,F,0
1031,895,Kiaan Swaminathan,40,F,0
1032,896,Vinaya Bahl,55,M,0
1033,896,Mitesh Verma,39,M,0
1034,897,Balhaar Hans,32,F,0
1035,898,Hardik Gala,39,F,0
1036,899,Indrajit Sharma,45,M,0
1037,900,Prisha Raj,56,M,0
1038,901,Baljiwan Shenoy,16,F,0
1039,902,Falguni Sundaram,8,M,0
1040,902,Meghana Suresh,36,M,0
1041,903,Tanish Sur,11,M,0
1042,904,Vasudha Vala,29,F,0
1043,905,Deepa Chahal,60,M,0
1044,906,Karan Dora,33,T,0
1045,907,Abdul Keer,33,M,0
1046,908,Anika Misra,26,F,0
1047,909,Faris Vohra,55,F,0
1048,910,Priya Seth,39,F,0
1049,910,Ayush Palan,25,F,0
1050,911,Ranbir Char,55,F,0
1051,912,Victor Ghose,35,M,0
1052,913,Chasmum Bhasin,26,M,0
1053,914,Tanay Gara,1,M,0
1054,915,Jalsa Kohli,35,M,0
1055,916,Aradhana Guha,26,F,0
1056,917,Gagan Sane,28,M,0
1057,917,Ria Rai,27,F,0
1058,918,Yahvi Wali,5,M,0
1059,919,Guneet Kata,71,F,0
1060,920,Vidhi Kohli,22,M,0
1061,921,Jai Raman,43,F,0
1062,922,Patrick Dani,29,F,0
1063,922,Hritik Sandal,1,F,0
1064,923,Abha Mistry,30,M,0
1065,924,Kritika Luthra,34,T,0
1066,925,Ishita Sethi,24,F,0
1067,926,Henry Mistry,54,M,0
1068,927,Shaurya Sha,59,F,0
1069,928,Yachana Bahl,37,F,0
1070,929,Aarini Datta,39,M,0
1071,930,Gavin Mukherjee,15,M,0
1072,931,Advaith Chokshi,15,F,0
1073,932,Ayushman Edwin,23,M,0
1074,933,Kevin Mitter,63,M,1
1075,933,Mohammed Choudhry,24,M,0
1076,934,Veda Chahal,52,M,0
1077,935,Yatin Bhardwaj,22,M,0
1078,936,Sai Loyal,18,T,0
1079,937,Unnati Khatri,25,M,1
1080,938,Jacob Bhatti,25,M,0
1081,938,Zaid Mammen,22,M,0
1082,939,Januja Kothari,56,F,0
1083,940,Reva Prakash,32,F,0
1084,941,Dayamai Ahuja,30,F,0
1085,942,Jacob Issac,33,M,0
1086,943,Matthew Gupta,46,M,0
1087,944,Matthew Saxena,33,F,0
1088,944,Warhi Kannan,37,M,0
1089,945,Patrick Loyal,48,M,0
1090,946,Inaya Samra,16,M,0
1091,947,Libni Dara,20,M,0
1092,948,Gaurav Gulati,34,M,0
1093,949,Qushi Manne,22,F,0
1094,950,Faraj Nadig,29,M,0
1095,951,Ekavir Vasa,16,M,0
1096,952,Lavanya Sahni,20,M,0
1097,953,Brijesh Kulkarni,49,M,0
1098,954,Jhalak Karnik,27,M,0
1099,955,Advik Naidu,26,F,0
1100,956,Tejas Dhingra,20,F,0
1101,956,Radhika Shanker,19,F,0
1102,957,Ansh Ratti,17,F,1
1103,958,Lekha Soni,13,F,0
1104,959,Vincent Raman,22,F,1
1105,960,Ekbal Hari,31,M,0
1106,961,Wriddhish Kalita,42,F,0
1107,962,Nihal Bali,31,M,0
1108,963,Farhan Sehgal,17,M,0
1109,964,Nicholas Lad,24,F,0
1110,965,Jagvi Balan,23,M,0
1111,965,Abhimanyu Edwin,23,F,0
1112,966,Harinakshi Lanka,27,T,0
1113,967,Hardik Natt,46,F,0
1114,968,Shravya Kala,43,F,0
1115,969,Matthew Wable,56,M,0
1116,969,Priya Gandhi,19,M,0
1117,970,Darsh Choudhury,16,F,0
1118,971,Nisha Bera,27,M,0
1119,972,Yagnesh Dey,50,F,0
1120,973,Tara Peri,1,M,0
1121,974,Yatan Chaudhuri,34,F,0
1122,975,Chaaya Singhal,27,F,0
1123,975,Naveen Ganesan,42,F,0
1124,976,Prisha Bhardwaj,39,M,0
1125,977,Abdul Hari,42,F,0
1126,978,Zayan Sane,40,F,0
1127,979,Nitara Bala,75,M,0
1128,980,Anita Mistry,59,M,0
1129,981,Faris Apte,45,F,0
1130,982,Ati Lala,25,F,0
1131,982,Isha Dubey,27,F,0
1132,983,Ikbal Bhandari,50,M,0
1133,984,Diya Ghose,50,F,0
1134,985,Xiti Chana,20,M,0
1135,985,Jairaj Chand,3,F,0
1136,986,Frado Agarwal,5,F,0
1137,987,Isaac Mahajan,50,F,0
1138,987,Oni Wali,53,F,1
1139,988,Rajata Bala,33,M,0
1140,989,Jackson Bains,37,M,0
1141,990,Xiti Joshi,59,M,0
1142,991,Utkarsh Devan,63,M,0
1143,991,Gabriel Kaur,43,F,0
1144,992,Nikita Singhal,32,M,0
1145,993,Kamya Chhabra,26,M,0
1146,993,Leela Datta,28,F,0
1147,994,Warjas Kothari,21,F,0
1148,995,Siddharth Badami,42,F,0
1149,995,Ekapad Padmanabhan,31,F,0
1150,996,Bina Sankaran,20,T,0
1151,997,Zaitra Gopal,49,F,0
1152,998,Darika Hayer,41,F,0
1153,999,Ekalinga Natarajan,36,F,0
1154,1000,Saumya Dhar,30,F,0
1155,1001,Raghav Upadhyay,39,F,0
1156,1002,Vidhi Das,27,F,0
1157,1003,Bhavini Dubey,74,F,0
1158,1004,Michael Dutt,67,F,0
1159,1004,Watika Parekh,20,M,0
1160,1005,Radha Bhasin,29,M,0
1161,1006,Jeet Swaminathan,19,F,0
1162,1006,Abha Apte,4,F,0
1163,1007,Noah Kalla,58,F,0
1164,1008,Bishakha Garg,30,F,0
1165,1009,Gavin Kanda,16,F,0
1166,1010,Xiti Sachar,7,M,0
1167,1011,Forum Pathak,36,F,0
1168,1012,Jackson Hayre,38,M,0
1169,1013,Jagrati Suri,39,M,0
1170,1014,Mitesh Dhawan,49,M,0
1171,1015,Devika Brahmbhatt,46,M,0
1172,1016,Edhitha Tara,13,M,0
1173,1017,Dakshesh Parmar,16,F,0
1174,1017,Darpan Mahajan,47,F,0
1175,1018,Tejas Bose,23,F,0
1176,1019,Yashvi Kar,11,M,0
1177,1020,Liam Sandhu,12,M,0
1178,1020,Ati Palla,47,F,0
1179,1021,Udarsh Ahluwalia,46,M,0
1180,1021,Tanay Sabharwal,34,M,0
1181,1022,Tanay Randhawa,18,M,0
1182,1022,Hemal Sarna,32,M,0
1183,1023,Theodore Datta,30,F,0
1184,1024,Rehaan Bumb,26,F,0
1185,1025,Watika Parmer,43,M,0
1186,1026,Jeet Bandi,25,F,0
1187,1026,Shravya Sandal,41,F,0
1188,1027,Radhika Chacko,38,M,0
1189,1028,Urvashi Agarwal,11,M,0
1190,1029,Zayan Sastry,62,F,0
1191,1029,Frado Khosla,41,M,0
1192,1030,Azad Prakash,9,M,0
1193,1031,Pushti Memon,11,F,0
1194,1032,Naveen Chowdhury,56,F,0
1195,1033,Ekantika Sama,35,T,0
1196,1034,Fitan Chopra,41,F,0
1197,1035,Gunbir Wable,38,M,0
1198,1036,Caleb Gupta,49,M,0
1199,1037,Chakrika Basu,49,F,0
1200,1038,Darsh Agrawal,19,M,0
1201,1039,Siddharth Tank,40,F,0
1202,1040,Aishani Gole,11,M,0
1203,1041,Advay Mane,16,F,0
1204,1041,Udarsh Mital,28,M,0
1205,1042,Yadavi Sharma,7,M,0
1206,1043,Quincy Sagar,21,F,0
1207,1044,Nandini Hari,1,M,0
1208,1045,Abha Sane,32,M,0
1209,1046,Sachi Kurian,57,F,0
1210,1047,Urvashi Sinha,33,M,0
1211,1048,Nisha Dalal,33,F,0
1212,1049,Abha Bail,27,F,0
1213,1050,Abeer Bora,47,M,0
1214,1051,Megha Korpal,32,F,0
1215,1051,Mason Sarraf,16,F,0
1216,1052,Mason Bail,35,F,0
1217,1053,Jatin Khatri,56,M,0
1218,1054,Arunima Varkey,11,F,0
1219,1055,Aadi Sha,18,F,0
1220,1056,Aditya Krishna,31,M,0
1221,1056,Riya Ranganathan,27,M,0
1222,1057,Anusha Subramanian,39,M,0
1223,1058,Saanvi Mangat,18,M,0
1224,1059,Harrison Arora,25,F,0
1225,1060,Riya Gaba,33,M,0
1226,1061,Unnati Rastogi,34,F,0
1227,1062,Jyoti Kara,72,F,0
1228,1063,Hardik Virk,44,M,0
1229,1064,Jatin Sarraf,9,M,0
1230,1065,Saanvi Prashad,17,M,0
1231,1066,Saanvi Rau,12,M,0
1232,1067,Adya Sanghvi,57,F,0
1233,1068,Zinal Gandhi,16,F,0
1234,1069,Sneha Kunda,41,M,0
1235,1070,Karan Lala,40,F,0
1236,1071,Lavanya Deshmukh,11,F,0
1237,1072,Kamala Chacko,26,M,0
1238,1073,Adweta Lala,29,M,0
1239,1074,Ubika Srivastava,9,F,0
1240,1075,Nandini Nori,59,M,0
1241,1076,Hitesh Devi,35,F,0
1242,1076,Vasatika Goswami,56,M,0
1243,1077,Tara Minhas,66,F,0
1244,1078,Suhani Date,35,M,0
1245,1079,Ranveer Vasa,38,M,0
1246,1079,Oviya Natt,21,F,0
1247,1080,Damyanti Gandhi,53,M,0
1248,1081,Timothy Aggarwal,32,F,0
1249,1082,Falan Nori,26,F,0
1250,1083,Zaid Raju,21,M,0
1251,1084,Kavya Varughese,34,F,0
1252,1085,Gautam Savant,42,M,0
1253,1086,Jeet Shankar,36,M,0
1254,1087,Neel Ram,39,F,0
1255,1087,Rajata Iyer,29,M,0
1256,1088,Tamanna Dey,40,F,0
1257,1089,Guneet Borra,40,F,0
1258,1090,Mason Saini,51,T,0
1259,1091,Gautami Dugal,45,M,0
1260,1092,Bishakha Nayak,35,F,1
1261,1093,Anirudh Loke,39,F,0
1262,1094,Gabriel Chaudhary,15,M,0
1263,1094,Noah Chadha,52,M,0
1264,1095,Utkarsh Sampath,29,F,0
1265,1095,Reyansh Dua,31,M,0
1266,1096,Dhruv Krish,25,M,0
1267,1097,Aayush Pall,19,F,0
1268,1098,Garima Gola,20,F,0
1269,1099,Anjali Bumb,16,F,0
1270,1100,Sara Sachdev,29,F,0
1271,1101,Vedika Patil,45,M,0
1272,1102,Anusha Rastogi,32,T,0
1273,1103,Arya Karpe,42,M,0
1274,1104,Abeer Banik,40,F,0
1275,1105,Chakrika Buch,26,F,0
1276,1105,Veda Aurora,51,M,0
1277,1106,Jasmit Patla,47,F,0
1278,1106,Ria Puri,45,F,0
1279,1107,Joshua Kannan,39,M,0
1280,1108,Atharv Rau,27,M,0
1281,1109,Raghav Gaba,27,M,0
1282,1110,Om Mane,32,M,0
1283,1111,Yashodhara Kant,53,F,0
1284,1112,Sathvik More,49,M,0
1285,1113,Wahab Vala,11,F,0
1286,1114,Jhalak Rai,36,M,0
1287,1115,Rajeshri Kashyap,1,M,0
1288,1115,Ekta Rajan,26,M,0
1289,1116,Akshay Keer,22,F,0
1290,1117,Jonathan Baral,41,F,0
1291,1118,Veer Sidhu,16,F,0
1292,1119,Omaja Kala,10,M,0
1293,1120,Yasti Mani,25,M,0
1294,1121,Azaan Swaminathan,32,F,0
1295,1122,Max Tak,6,F,0
1296,1123,Chavvi Narula,50,F,0
1297,1124,Oeshi Barad,29,F,0
1298,1125,Krisha Sangha,33,F,0
1299,1125,Xalak Sunder,49,F,0
1300,1126,Panini Sankaran,22,M,0
1301,1127,Parth Bains,55,M,0
1302,1128,Harrison Dyal,33,F,0
1303,1129,Laban Gade,44,F,0
1304,1130,Anay Chandra,39,F,0
1305,1131,Henry Nazareth,43,M,0
1306,1131,Anay Saraf,34,M,0
1307,1132,Dipta Sachdev,25,M,0
1308,1133,Avni Magar,62,F,0
1309,1134,Leena Sahni,32,M,0
1310,1135,Dalbir Balan,16,F,0
1311,1136,Wahab Handa,55,F,0
1312,1137,Gauri Ravel,28,M,0
1313,1137,Robert Bhakta,7,F,0
1314,1138,Sanya Narain,20,M,0
1315,1139,Idika Suresh,3,M,0
1316,1140,Aadhya Sawhney,21,M,0
1317,1141,Aahana Agate,59,F,0
1318,1142,Varsha Sarkar,39,M,0
1319,1143,Urishilla Dhingra,32,M,0
1320,1144,Kabir Tandon,24,M,0
1321,1145,Advika Pau,30,M,0
1322,1146,Upasna Swamy,49,M,0
1323,1147,Ayush Thakkar,5,M,0
1324,1147,Advik Mutti,77,F,0
1325,1148,Thomas Chaudry,19,F,0
1326,1149,David Sharma,29,F,0
1327,1150,Advaith Muni,30,F,0
1328,1150,Owen Rai,30,F,0
1329,1151,Qushi Rege,22,F,0
1330,1152,Faqid Saini,46,F,0
1331,1153,Ridhi Kothari,50,M,0
1332,1154,Ayushman Mani,47,F,0
1333,1155,Advika Sundaram,34,M,0
1334,1156,Maya Verma,24,M,0
1335,1157,Suhani Sanghvi,30,F,0
1336,1158,Aarini Khanna,31,M,0
1337,1158,Gagan Nadkarni,18,F,0
1338,1159,Ekani Dewan,35,F,0
1339,1160,Champak Gandhi,59,M,0
1340,1160,Falguni Dixit,30,F,0
1341,1161,Viraj Prashad,40,M,0
1342,1162,Chaman Dhaliwal,23,M,0
1343,1163,Libni Sidhu,46,M,0
1344,1164,Karan Lata,23,F,0
1345,1165,Chandani Munshi,26,F,0
1346,1166,Daniel Mitter,40,M,0
1347,1167,Arunima Banik,18,F,0
1348,1168,Jairaj Dube,39,F,0
1349,1169,Michael Prakash,48,T,0
1350,1170,Odika Mani,35,M,0
1351,1171,Abdul Sekhon,46,F,0
1352,1171,Anay Kalla,13,F,0
1353,1172,Nitara Nadig,39,M,0
1354,1173,Damini Sehgal,26,F,0
1355,1174,Chaitanya Upadhyay,38,F,0
1356,1175,Jacob Nigam,56,M,0
1357,1176,Wishi Agarwal,1,M,0
1358,1177,Sathvik Bahl,23,F,0
1359,1178,Jason Shenoy,1,M,0
1360,1179,Libni Seth,14,F,0
1361,1180,Warjas Vig,25,M,0
1362,1181,Warhi Raghavan,45,M,0
1363,1182,Ishita Din,45,F,0
1364,1183,Qasim Natt,44,M,0
1365,1184,Raghav Jhaveri,41,M,0
1366,1185,Chakrika Shukla,12,F,0
1367,1186,Idika Merchant,45,M,0
1368,1187,Robert Tailor,22,M,0
1369,1188,Jack Shetty,39,F,0
1370,1189,Ijaya Pradhan,19,F,0
1371,1189,Aashi Nori,30,M,0
1372,1190,Shravya Dara,31,M,0
1373,1190,Anika Dey,38,M,0
1374,1191,Ekiya Thaker,20,M,0
1375,1192,Guneet Gandhi,42,F,0
1376,1193,Faris Gola,13,F,0
1377,1194,Onkar Sehgal,58,M,0
1378,1195,Aachal Ravi,21,M,0
1379,1196,Karan Wadhwa,3,M,0
1380,1197,Vedhika Tank,31,M,0
1381,1198,Gunbir Merchant,26,F,0
1382,1199,Amruta Ganguly,19,M,0
1383,1200,Lekha Chowdhury,53,M,0
