ComplainantID,CaseMasterID,ComplainantName,AgeYear,OccupationID,ReligionID,CasteID,GenderID
1,1,Nirja Bir,27,8,2,4,M
2,2,Aditya Sibal,39,2,7,6,M
3,3,Turvi Sangha,37,8,3,7,M
4,4,Jagdish Sen,18,2,3,5,F
5,5,Aachal Memon,48,5,4,9,M
6,6,Abhimanyu Ghose,34,5,7,2,M
7,7,Krish Deo,20,8,1,8,M
8,8,Bhavika Sodhi,56,7,1,2,F
9,9,Faqid Bahri,26,8,1,7,F
10,10,Samarth Dhingra,26,7,1,2,M
11,11,Abhiram Bhatnagar,18,2,1,2,F
12,12,Gavin Din,43,4,1,7,F
13,13,Meghana Kulkarni,36,1,1,8,F
14,14,Ishita More,18,9,1,7,F
15,15,Reva Kara,39,7,1,1,M
16,16,Oscar Ranganathan,46,3,1,6,M
17,17,Xalak Naik,42,7,2,8,F
18,18,Sanya Chana,53,5,1,6,M
19,19,Vedant Om,28,4,1,1,M
20,20,Inaya Badal,58,5,2,3,M
21,21,Faraj Mahajan,36,9,1,7,F
22,22,Rachit Barman,46,3,3,2,M
23,23,Samesh Gala,52,9,2,4,M
24,24,Zansi Mukhopadhyay,70,5,1,2,F
25,25,George Mukhopadhyay,21,6,1,3,F
26,26,Inaya Mallick,26,4,1,8,M
27,27,Jasmit Mitter,38,8,4,3,F
28,28,Onkar Ganesan,31,6,1,4,M
29,29,Shivani Wali,25,9,2,9,M
30,30,Harsh Divan,18,9,1,7,F
31,31,Nikita Ratta,37,2,1,2,F
32,32,Yamini Agate,46,7,3,3,F
33,33,Urishilla Som,40,9,1,3,F
34,34,Yochana Malhotra,18,2,3,5,F
35,35,Yashasvi Subramaniam,18,2,1,4,M
36,36,Damyanti Anne,36,1,1,3,F
37,37,Abdul Desai,32,5,1,4,F
38,38,Shivani Purohit,31,4,1,4,M
39,39,Madhavi D’Alia,32,4,1,5,M
40,40,Hema Prabhu,29,1,3,8,F
41,41,Tanvi Lata,37,7,1,4,M
42,42,Warda Atwal,50,9,1,7,F
43,43,Jason Dave,23,6,2,5,M
44,44,Eshana Padmanabhan,41,6,4,4,M
45,45,Zashil Mani,37,6,1,3,M
46,46,Jagat Pradhan,18,4,2,3,M
47,47,Wriddhish Bhandari,27,9,2,9,M
48,48,Vasudha Patla,36,4,2,9,F
49,49,Yashodhara Dey,64,4,1,1,M
50,50,Aishani Parsa,26,8,1,7,M
51,51,Balvan Bali,28,3,1,8,M
52,52,Charita Dani,41,1,4,8,F
53,53,Qarin Oommen,34,3,1,6,M
54,54,Urishilla Garde,19,5,1,1,F
55,55,Hemang Goda,18,8,1,3,F
56,56,Ekiya Bali,18,4,1,5,M
57,57,Samar Pai,47,5,1,9,F
58,58,Dev Bahl,22,3,2,6,F
59,59,Warjas Shetty,66,1,2,6,M
60,60,Bhavya Devi,29,2,1,9,M
61,61,Daksh Pall,46,3,2,4,F
62,62,Yashoda Sama,20,3,3,1,F
63,63,Oni Gaba,38,8,2,6,M
64,64,Vedhika Balan,54,7,1,7,F
65,65,Ijaya Sarna,31,7,1,3,F
66,66,Anamika Sama,21,3,1,6,M
67,67,Ishaan Kulkarni,31,7,3,8,M
68,68,Dayita Dara,33,5,1,4,M
69,69,Vedant Nigam,23,2,1,2,M
70,70,Yashasvi Mane,57,1,3,1,F
71,71,Bachittar Goswami,36,1,1,2,M
72,72,Reva Badal,52,9,1,6,M
73,73,Zilmil Ahluwalia,49,1,2,6,F
74,74,Arya Mukherjee,58,3,1,8,M
75,75,Anjali Tara,19,4,7,2,F
76,76,Jasmit Nagi,44,3,1,3,F
77,77,Ekansh Gola,29,3,1,8,M
78,78,Quincy Gera,34,1,5,2,F
79,79,Vrinda Ganesan,21,5,5,2,M
80,80,Pooja Kara,66,3,1,3,F
81,81,Ikshita Shah,26,8,1,3,F
82,82,Netra Goda,44,6,5,9,F
83,83,Shivansh Chaudhary,19,8,6,9,M
84,84,Pallavi Dash,32,4,1,4,F
85,85,Ojas Sachar,49,8,1,7,M
86,86,Dalaja Kata,40,1,5,8,F
87,87,Anita Parsa,23,2,3,2,F
88,88,Theodore Rai,26,6,5,9,M
89,89,Keya Rao,38,9,1,5,M
90,90,Sudiksha Balay,35,8,2,5,F
91,91,Indira Nigam,18,7,1,7,M
92,92,Ekalinga Sunder,31,1,1,6,M
93,93,Zaid Chanda,34,7,1,5,F
94,94,Indira Issac,43,1,1,1,M
95,95,Nidra Uppal,49,2,1,9,M
96,96,Ethan Verma,44,6,2,9,M
97,97,Panini Batra,40,5,1,6,F
98,98,Ekani Buch,40,1,2,7,F
99,99,Aadi Chada,42,9,3,9,M
100,100,Yatin Palla,48,1,5,2,M
101,101,Watika Karpe,57,3,4,6,M
102,102,Gautami Wagle,23,4,1,1,M
103,103,Lipika Kade,30,7,1,2,F
104,104,Advik Magar,49,1,4,6,F
105,105,Ishaan Date,23,7,2,6,F
106,106,Manthan Yadav,19,7,1,3,M
107,107,Dalbir Mandal,27,5,4,7,F
108,108,Dhriti Lall,36,5,1,5,M
109,109,Zashil Sahni,29,1,1,7,M
110,110,Nachiket Varty,40,4,2,8,M
111,111,Jyoti Nagi,32,1,1,7,M
112,112,Karan Swamy,31,8,1,4,M
113,113,Ishani Kaul,18,2,1,8,M
114,114,Kritika Bajaj,43,9,1,5,F
115,115,Andrew Jha,43,7,1,5,M
116,116,Jonathan Raman,33,5,1,2,M
117,117,Anthony Ratti,37,4,6,9,F
118,118,Tanay Sidhu,37,4,1,1,M
119,119,Raksha Borah,49,2,1,1,F
120,120,Jagdish Sule,38,3,1,2,M
121,121,Ishita Badami,18,6,1,3,M
122,122,Avi Rao,60,1,1,9,F
123,123,Wahab Sane,52,4,2,6,M
124,124,Gauri Bumb,36,1,6,6,F
125,125,Samaksh Nadkarni,38,5,5,6,M
126,126,Balhaar Vaidya,39,1,1,3,F
127,127,Nakul Saha,25,9,1,3,F
128,128,Hredhaan Mander,50,6,1,8,M
129,129,Dalbir Ramesh,49,8,1,4,F
130,130,Bimala Salvi,34,5,1,3,M
131,131,Zehaan Sama,44,6,1,2,M
132,132,Wridesh Mukherjee,49,9,1,3,F
133,133,Gagan Basu,38,6,1,3,F
134,134,Yatan Behl,22,4,1,1,M
135,135,Baghyawati Dasgupta,44,7,2,2,F
136,136,Kiaan Balan,36,1,1,2,M
137,137,Pranit Pillay,21,8,5,7,M
138,138,Yuvraj Sandal,49,7,1,4,F
139,139,Anita Wali,39,5,1,8,M
140,140,Bimala Wali,33,3,1,6,M
141,141,Charvi Pandya,62,5,1,3,F
142,142,Logan Bhargava,28,7,7,3,M
143,143,Harrison Dugal,23,1,1,5,M
144,144,Reyansh Kannan,38,8,1,9,F
145,145,Warjas Kapadia,33,7,1,6,M
146,146,Hiral Baral,28,7,1,7,M
147,147,Yashodhara Kohli,54,8,1,7,M
148,148,Dominic Sabharwal,21,6,1,7,M
149,149,Bhanumati Jhaveri,40,9,1,4,F
150,150,Kalpit Kaur,37,4,6,6,F
151,151,Radha Sarkar,35,9,3,7,M
152,152,Manthan Ramaswamy,51,5,1,3,M
153,153,Darpan Srinivas,62,9,1,5,F
154,154,Kavya Arora,36,7,1,4,M
155,155,Ranbir Butala,47,3,1,9,M
156,156,Anjali Kar,36,8,1,4,M
157,157,Samesh Sabharwal,37,3,1,3,F
158,158,Aarush Dhingra,41,4,1,6,M
159,159,Bishakha Bhatti,38,3,2,8,M
160,160,Advaith Krishnan,24,9,2,1,F
161,161,Nathaniel Raj,53,2,1,1,F
162,162,Brinda Samra,41,1,1,2,M
163,163,Ranbir Kurian,35,6,1,3,F
164,164,Dalbir Hegde,27,5,3,6,F
165,165,Anmol Purohit,39,6,1,8,M
166,166,Janaki Datta,32,3,1,2,F
167,167,Patrick Edwin,38,3,4,3,M
168,168,Sara Wable,33,2,1,7,M
169,169,Hemani Khurana,25,9,1,5,F
170,170,Falan Garde,56,4,7,3,F
171,171,Hardik Mannan,23,2,2,3,F
172,172,Lila Naidu,25,8,1,3,F
173,173,Chaitaly Barad,44,6,5,3,M
174,174,Eiravati Savant,40,1,7,6,F
175,175,Xavier Sehgal,44,2,4,2,M
176,176,Bahadurjit Devi,42,5,1,3,M
177,177,Tristan Malhotra,26,4,7,6,M
178,178,Watika Raval,44,2,1,8,M
179,179,Faris Ray,27,7,7,6,F
180,180,Ranbir Nath,49,4,1,9,F
181,181,Dakshesh Ganesh,23,1,1,3,M
182,182,Varenya Raja,25,4,2,5,M
183,183,Chanchal Buch,26,7,1,5,F
184,184,Amara Seth,40,8,1,6,M
185,185,Robert Buch,35,3,3,1,F
186,186,Zilmil Pandey,37,1,1,4,F
187,187,Wriddhish Vala,34,7,1,5,F
188,188,Janani Bhalla,35,6,1,9,F
189,189,Vincent Chaudhari,29,7,1,6,M
190,190,Ranveer Randhawa,18,6,2,9,M
191,191,Nikita Sem,18,5,1,8,F
192,192,Ansh Biswas,25,2,2,6,F
193,193,Libni Batra,31,2,1,3,F
194,194,Anusha Buch,55,2,1,3,M
195,195,Radha Bhavsar,22,3,1,4,F
196,196,Yagnesh Subramaniam,21,2,1,1,F
197,197,Jasmit Mutti,18,6,3,2,M
198,198,Chakrika Bhatti,42,8,1,6,F
199,199,Jeremiah Kadakia,33,2,1,1,F
200,200,Gunbir Ahuja,19,4,5,2,M
201,201,Lakshit Srivastava,35,2,1,4,M
202,202,Jeet Saxena,28,2,1,9,M
203,203,Qasim Sen,52,4,2,8,F
204,204,Lajita Bhandari,27,3,1,1,M
205,205,Sathvik Naik,58,9,1,3,F
206,206,Alka Kibe,38,5,1,9,M
207,207,Lekha Bath,30,4,1,2,M
208,208,Qadim Jani,32,6,2,4,M
209,209,Ikshita Pandey,39,5,1,9,F
210,210,Amruta Issac,32,4,1,6,F
211,211,Yauvani Mammen,23,9,1,5,M
212,212,Aishani Johal,44,3,1,2,M
213,213,Om Swamy,48,1,1,7,M
214,214,Chakradev Modi,49,8,1,2,M
215,215,Udant Chhabra,33,6,1,2,M
216,216,Vaishnavi Chauhan,50,6,1,8,M
217,217,Yashawini Jhaveri,40,5,2,6,M
218,218,Krisha Raja,32,4,1,3,M
219,219,Varsha Batta,28,6,1,8,M
220,220,Rachana Bora,47,7,1,8,M
221,221,Janaki Salvi,18,3,2,7,M
222,222,Caleb Oak,54,1,3,6,M
223,223,Jeevika Master,37,3,1,1,M
224,224,Hemang Kashyap,28,3,1,3,M
225,225,Qasim Jayaraman,26,1,1,3,M
226,226,Veda Aggarwal,30,4,1,7,M
227,227,Chanchal Jain,45,9,1,4,M
228,228,Anusha Sur,40,8,1,3,M
229,229,Peter Mody,30,1,1,2,M
230,230,Unnati Ratti,28,6,2,5,M
231,231,Hredhaan Dass,40,9,6,4,M
232,232,Osha Kar,71,1,6,3,M
233,233,Xavier Konda,71,5,1,7,F
234,234,Harinakshi Anne,49,3,1,6,F
235,235,Arya Mannan,25,3,1,8,M
236,236,Omaja Bhargava,45,8,1,4,M
237,237,Aachal Seth,26,6,1,6,F
238,238,Wishi Apte,33,8,2,9,M
239,239,Samarth Bava,53,6,1,3,F
240,240,Raksha Ganesh,32,4,2,4,F
241,241,Michael Edwin,32,4,1,8,F
242,242,Nathan Dalal,29,6,1,2,M
243,243,Max Sankaran,25,3,1,2,M
244,244,Bina Apte,32,8,1,5,M
245,245,Hemal Karan,45,7,2,5,F
246,246,Omisha Krishnamurthy,44,6,3,1,M
247,247,Yagnesh D’Alia,39,4,1,6,M
248,248,Jagdish Kalita,51,8,1,5,F
249,249,Ekanta Deshpande,18,8,7,9,M
250,250,Chaaya Bhatt,36,4,6,2,M
251,251,Maya Kata,26,1,2,4,M
252,252,Hemang Halder,61,9,1,7,M
253,253,Aryan Mukherjee,32,1,1,4,M
254,254,Sudiksha Balakrishnan,45,1,1,7,M
255,255,Tanay Saxena,48,8,2,3,M
256,256,Pahal Handa,31,7,1,8,F
257,257,Bhavani Varghese,48,2,5,8,M
258,258,Yutika Iyer,49,8,1,3,M
259,259,Vasudha Nayar,46,1,1,6,M
260,260,Logan Keer,29,6,1,7,M
261,261,Faris Raman,18,7,1,7,M
262,262,Upkaar Borde,63,1,1,6,M
263,263,Onkar Shanker,32,1,4,1,F
264,264,Karan Chaudhary,49,3,1,2,M
265,265,Bakhshi Mani,29,2,1,4,M
266,266,Nitesh Mannan,63,6,7,6,M
267,267,Wridesh Sekhon,29,6,2,8,M
268,268,Jonathan Shanker,37,1,1,7,F
269,269,Dayita Dayal,66,9,2,4,M
270,270,Aayush Comar,18,2,2,5,M
271,271,Riya Bose,51,1,1,9,M
272,272,Hardik Thakkar,35,4,1,1,M
273,273,Gaurav Sandhu,45,4,6,3,M
274,274,Sathvik Salvi,31,6,1,7,M
275,275,Januja Thaman,57,5,1,7,M
276,276,Ojas Kakar,25,1,1,1,M
277,277,Ojas Acharya,36,8,1,2,M
278,278,Amaira Palan,48,6,1,3,M
279,279,Falguni Ratti,25,3,1,5,M
280,280,Dalaja Dugar,37,6,1,3,F
281,281,Amara Murthy,22,5,1,6,F
282,282,Vasudha Sant,30,7,1,5,M
283,283,Victor Lata,70,8,1,9,F
284,284,Xalak Majumdar,53,4,1,1,M
285,285,Kamala Vig,44,2,2,4,M
286,286,Vincent Das,40,5,3,4,F
287,287,Arjun Korpal,18,5,1,1,F
288,288,Bhavika Chaudhuri,33,4,1,5,M
289,289,Ranveer Sunder,47,1,1,4,F
290,290,Gaurika Oommen,30,6,1,7,F
291,291,Advaith Prabhu,40,8,7,3,F
292,292,Aarush Bhavsar,22,8,1,5,F
293,293,Oliver Bora,21,4,1,2,F
294,294,Qabil Sankaran,65,1,1,1,F
295,295,Rajata Rao,63,1,1,7,F
296,296,Zayyan Om,34,3,1,6,M
297,297,Anirudh Sankar,25,4,7,6,M
298,298,Patrick Dube,23,7,1,5,F
299,299,Varsha Toor,41,2,1,5,M
300,300,Om Kibe,61,4,1,1,F
301,301,Falak Iyengar,26,8,1,2,M
302,302,Devika Pradhan,38,4,1,9,M
303,303,Ekaraj Prabhakar,37,1,2,8,M
304,304,Veer Madan,57,3,1,7,F
305,305,Vincent Arya,39,1,1,7,F
306,306,Ekanta Bir,18,7,1,1,M
307,307,Agastya Din,45,1,1,5,F
308,308,Manthan Pillay,38,8,1,5,M
309,309,Ekanta Ram,24,5,7,4,M
310,310,Chanakya Ghosh,49,8,2,1,F
311,311,Lohit Sabharwal,31,7,1,8,F
312,312,Rachana Karpe,40,1,1,2,M
313,313,Ojasvi Choudhury,37,8,2,9,M
314,314,Vamakshi Buch,32,6,2,9,M
315,315,Yuvraj Saha,25,6,1,7,M
316,316,Aditya Bora,43,6,2,3,F
317,317,Aadi Chacko,20,8,1,7,M
318,318,Leena Kannan,48,7,1,5,F
319,319,Ekapad Dyal,24,6,5,8,M
320,320,Andrew Borde,20,9,3,3,F
321,321,Yauvani Sekhon,54,6,1,3,M
322,322,David Randhawa,37,9,1,3,F
323,323,Hemani Sarkar,18,3,7,4,F
324,324,Triya Dar,35,7,1,7,F
325,325,Arjun Prasad,43,9,1,9,M
326,326,Owen Agate,44,1,1,9,F
327,327,Yasti Bobal,25,3,2,6,M
328,328,Dakshesh Balan,27,6,2,6,M
329,329,Patrick Kaul,38,7,1,7,M
330,330,Vidhi Bajwa,49,6,2,2,M
331,331,Mohammed Chand,18,8,1,4,F
332,332,Pranav Chauhan,19,9,2,8,M
333,333,Ekta Oak,53,2,1,5,M
334,334,Adya Barman,51,7,1,4,M
335,335,Dayamai Palla,23,2,6,4,M
336,336,Aashi Bawa,30,1,1,4,M
337,337,Garima Savant,63,2,1,8,F
338,338,Rachit Ravel,47,7,6,7,M
339,339,Wazir Lalla,35,5,1,6,M
340,340,Sneha Mani,50,7,1,8,F
341,341,Gagan Kohli,29,1,1,1,M
342,342,Laksh Venkatesh,38,6,1,8,F
343,343,Abha Dua,31,7,2,2,M
344,344,Akshay Sahota,45,6,6,8,F
345,345,Chatresh Divan,45,7,1,8,F
346,346,Edhitha Khurana,38,2,1,9,M
347,347,Zehaan Ganesan,42,4,2,2,M
348,348,Christopher Mahal,50,6,1,8,M
349,349,Chakradev Talwar,42,5,1,8,M
350,350,Zaitra Prabhakar,38,7,1,3,M
351,351,Unnati Mani,41,1,5,8,M
352,352,Edhitha Khalsa,51,3,1,7,F
353,353,Teerth Patla,23,9,1,1,M
354,354,Bimala Shah,41,2,1,8,M
355,355,Bhavya Dass,18,8,1,3,M
356,356,Widisha Sahni,32,6,1,3,F
357,357,Ladli Mohan,60,2,1,8,M
358,358,Simon Borra,25,7,2,3,F
359,359,Vedika Kibe,18,1,1,4,M
360,360,Prisha Badami,23,8,1,8,F
361,361,Varenya Jain,45,2,1,3,M
362,362,Watika Nagarajan,34,1,1,6,F
363,363,Aarav Brar,22,7,1,9,F
364,364,Tejas Goel,51,6,1,2,M
365,365,Akshay Nath,41,1,1,9,F
366,366,Oscar Bhatnagar,20,2,1,5,F
367,367,Shravya Natt,33,6,1,9,F
368,368,Gauri Dyal,63,3,1,3,M
369,369,Balvan Dhingra,31,3,1,8,F
370,370,Siddharth Bir,18,9,1,5,M
371,371,Aadhya Walia,42,3,1,2,M
372,372,Bhavya Lata,40,4,1,5,M
373,373,Anay Sachdev,53,7,1,1,M
374,374,Abhiram Pillai,30,1,1,5,M
375,375,Isha Pandya,41,1,1,3,M
376,376,Indali Pal,39,4,3,4,M
377,377,Nisha Magar,35,8,1,4,M
378,378,Dominic Boase,40,7,1,9,F
379,379,Dominic Dhawan,43,2,1,3,F
380,380,Forum Wagle,43,3,3,2,M
381,381,Pranav Mammen,47,2,1,4,F
382,382,Chameli Karan,18,7,3,6,F
383,383,Laksh Arora,18,5,1,7,M
384,384,Harish Mandal,38,6,2,1,M
385,385,Radha Bhakta,37,6,1,4,F
386,386,Gopal Randhawa,22,3,1,9,F
387,387,Pranit Suri,31,3,1,9,M
388,388,Fiyaz Purohit,25,2,1,1,M
389,389,Bina Kothari,43,9,1,3,F
390,390,Leena Batra,24,1,1,7,M
391,391,Aishani Chaudry,38,6,1,9,F
392,392,Lucky Sarkar,49,5,3,8,M
393,393,Wriddhish Bobal,24,7,2,9,F
394,394,Alexander Vora,18,3,1,2,F
395,395,Eshana Kant,26,6,1,2,M
396,396,Libni Lad,24,5,5,5,M
397,397,Saanvi Raj,36,4,1,6,F
398,398,Urvi Sarna,18,4,1,5,M
399,399,Wahab Sahni,56,6,1,7,M
400,400,Gautami Puri,19,7,1,4,F
401,401,Jack Krishnamurthy,18,3,2,5,M
402,402,Anirudh Pal,36,6,2,9,M
403,403,Chakrika Narayan,34,8,1,3,M
404,404,Charles Edwin,53,5,1,4,M
405,405,Rajeshri Kar,32,6,1,8,M
406,406,Anika Nayak,32,7,1,5,F
407,407,Vivaan Modi,44,8,1,3,M
408,408,Indali Bora,48,2,1,7,F
409,409,Raksha Baria,18,7,1,4,F
410,410,Amol Golla,36,5,5,8,F
411,411,Aryan Mutti,64,9,1,5,M
412,412,Yutika Rajagopal,27,7,1,1,F
413,413,George Kamdar,37,8,1,8,M
414,414,Meera Naik,49,6,1,3,M
415,415,Sara Sane,42,1,1,2,M
416,416,Pallavi Kalita,22,9,1,3,F
417,417,Hritik Vohra,35,7,1,1,M
418,418,Rudra Sarin,19,6,7,5,M
419,419,Niharika Mukhopadhyay,22,4,1,5,F
420,420,Sanya Mitter,50,6,3,3,M
421,421,Saumya Apte,47,6,2,3,F
422,422,Advay Prabhu,59,7,1,1,F
423,423,Harita Misra,48,2,1,5,F
424,424,Eshana Balay,34,2,1,7,M
425,425,Unni Ganesan,22,8,1,3,F
426,426,Saanvi Arora,54,5,1,4,F
427,427,Gayathri Kala,44,7,1,7,M
428,428,Hema Dhingra,46,4,1,2,M
429,429,Rayaan Natt,43,8,1,7,F
430,430,Atharv Deshmukh,51,7,1,5,M
431,431,Hitesh Karan,18,8,1,9,M
432,432,Wazir Hegde,20,1,1,7,F
433,433,Vedhika Prakash,24,4,1,2,F
434,434,Nilima Garde,40,7,1,7,M
435,435,Ekapad Dash,30,6,1,5,M
436,436,Tanish Narula,50,5,4,7,F
437,437,Gavin Chopra,35,8,7,4,F
438,438,Harsh Sachar,66,2,1,1,M
439,439,Manthan Bansal,58,6,1,1,M
440,440,Sudiksha Raja,37,8,4,2,M
441,441,Upadhriti Pau,18,6,1,6,F
442,442,Sanaya Mitra,44,5,1,3,M
443,443,Ekalinga Taneja,21,9,1,4,F
444,444,Zayan Walla,23,7,1,4,M
445,445,Bimala Golla,30,3,1,9,M
446,446,Bhanumati Joshi,30,2,1,5,M
447,447,Gaurangi Dugal,43,5,1,7,M
448,448,Unni Singh,40,3,1,5,M
449,449,Yatan Dyal,22,2,1,2,F
450,450,Yashawini Vyas,32,3,1,8,F
451,451,Forum Deep,18,3,1,4,F
452,452,Shivansh Sampath,41,2,1,2,M
453,453,Yachana Doshi,18,3,1,8,M
454,454,Jason Baria,32,6,2,3,M
455,455,Gaurangi Oommen,27,3,1,1,M
456,456,Baghyawati Loke,43,3,2,9,F
457,457,George Anne,25,9,1,1,M
458,458,Indira Cherian,24,3,1,3,F
459,459,Nachiket Mohan,41,4,3,6,M
460,460,Forum Nanda,41,5,1,8,M
461,461,Yamini Dar,22,2,2,3,F
462,462,Pranav De,43,1,1,7,M
463,463,Leela Ramesh,67,5,1,8,F
464,464,Avni Dara,29,7,1,7,F
465,465,Kavya Taneja,20,8,7,9,M
466,466,Caleb Contractor,36,7,2,9,F
467,467,Ishanvi Choudhary,18,3,1,8,M
468,468,Yasti Kibe,32,1,1,6,F
469,469,Aryan Krishnan,29,2,1,7,M
470,470,Aachal Cheema,44,5,1,6,M
471,471,Lakshit Chakrabarti,18,1,1,3,M
472,472,Tejas Srinivasan,18,3,1,5,M
473,473,Jagdish Bhatt,40,3,1,4,F
474,474,Naveen Chaudry,43,5,1,8,F
475,475,Rishi Agrawal,18,6,4,8,M
476,476,Meghana Munshi,55,1,1,3,F
477,477,Siya Sawhney,47,2,1,1,M
478,478,Triya Chanda,27,7,4,7,M
479,479,Azad Sastry,37,5,1,9,M
480,480,Abeer Sandhu,18,1,5,8,M
481,481,Indira Kamdar,45,6,1,9,M
482,482,Michael Tripathi,24,2,1,9,M
483,483,Ekta Mandal,31,1,1,9,M
484,484,Yashodhara Bhalla,34,8,1,8,M
485,485,Ayush Sama,51,6,1,1,F
486,486,Sathvik Saini,42,2,4,8,M
487,487,Yachana Kade,31,9,1,9,F
488,488,Wyatt D’Alia,28,9,1,3,F
489,489,Varsha Ramanathan,38,7,1,8,F
490,490,Dev Dhillon,34,5,1,4,M
491,491,Gaurav Ravi,32,7,1,4,M
492,492,Gauri Kaul,36,5,1,3,M
493,493,Vivaan Saini,32,4,1,3,M
494,494,Hredhaan Rana,18,5,7,4,M
495,495,Jeremiah Chatterjee,35,2,1,1,M
496,496,Omkaar Nayak,35,8,2,4,M
497,497,Nitesh Prabhakar,37,3,5,8,M
498,498,Sudiksha Yogi,22,8,2,6,F
499,499,Jai More,25,6,3,5,M
500,500,Vaishnavi Vig,57,9,4,6,F
501,501,Kashvi Ranganathan,26,6,1,9,F
502,502,Bakhshi Narain,42,4,1,1,M
503,503,Eiravati Kumar,25,5,1,9,M
504,504,Radha Prashad,18,7,1,5,F
505,505,Balendra Lala,34,5,1,3,M
506,506,George Ram,43,4,4,4,M
507,507,Max Sodhi,31,3,5,9,M
508,508,Gagan Pai,18,7,2,7,M
509,509,Laban Lala,18,5,1,3,F
510,510,Aryan Shankar,50,2,2,1,M
511,511,Ira Viswanathan,35,7,1,8,F
512,512,Avni Kala,43,6,5,2,M
513,513,Yuvraj Ganguly,39,8,3,8,F
514,514,Max Vaidya,21,7,1,7,M
515,515,Nikita Vohra,32,4,1,3,M
516,516,Riya Konda,18,6,1,2,M
517,517,Watika Mallick,48,2,2,1,M
518,518,Thomas Upadhyay,40,7,1,2,F
519,519,Rachit Sehgal,45,3,7,1,M
520,520,Yashawini Issac,52,1,1,6,F
521,521,Dipta Din,31,6,1,2,M
522,522,Finn Tiwari,26,5,1,1,F
523,523,Geetika Tripathi,34,2,7,1,F
524,524,Isaac Varkey,52,4,2,7,F
525,525,Raagini Ahluwalia,18,8,1,5,F
526,526,Aradhana Manda,36,9,1,5,M
527,527,Zehaan Karpe,46,8,1,5,M
528,528,Yashodhara Chahal,40,9,1,4,F
529,529,Owen Sankar,49,1,1,6,F
530,530,Wakeeta Bhatia,18,8,2,6,F
531,531,Gavin Narasimhan,50,5,1,7,M
532,532,Omaja Sengupta,27,4,2,5,F
533,533,Adweta Mani,18,4,1,3,F
534,534,Adweta Merchant,31,1,1,2,M
535,535,Urvashi Dalal,25,8,1,2,M
536,536,Idika Madan,33,6,1,4,F
537,537,Yadavi Das,18,7,1,9,F
538,538,Jackson Ratti,34,5,5,4,F
539,539,Samuel Bhat,28,1,1,7,M
540,540,Keya Bhasin,61,2,1,5,M
541,541,Falan Vala,38,8,1,7,F
542,542,Anay Modi,38,6,1,6,F
543,543,Aarini Pai,33,7,1,3,M
544,544,Ladli Ramaswamy,52,3,6,7,M
545,545,Ronith Jha,42,6,1,3,M
546,546,Advaith Madan,55,8,6,4,F
547,547,Dhruv Parsa,49,7,1,1,F
548,548,Henry Parmar,30,6,2,6,M
549,549,Wridesh Raman,45,2,1,9,M
550,550,Lavanya Soman,46,3,1,9,M
551,551,Hritik Khalsa,48,7,4,4,M
552,552,Jhalak Setty,41,1,1,9,M
553,553,Triveni Yadav,18,8,1,6,M
554,554,Lila Mahajan,35,2,1,7,F
555,555,Adya Ravel,37,4,5,4,M
556,556,Omkaar Chadha,36,5,4,1,F
557,557,Darsh Naik,50,5,1,1,M
558,558,Bimala Bhagat,27,1,1,8,M
559,559,Kalpit Gaba,37,1,1,2,F
560,560,Yatan Murthy,35,5,1,9,F
561,561,Chandani Kaur,44,1,1,5,F
562,562,Nicholas Saha,59,1,1,4,M
563,563,Xavier Warrior,44,9,1,2,F
564,564,Ridhi Ratti,43,7,1,6,M
565,565,Dalbir Madan,22,4,1,7,M
566,566,Lavanya Dhar,18,4,6,1,M
567,567,Ishaan Dhaliwal,39,5,1,5,F
568,568,Chaman Pillai,33,7,1,7,M
569,569,Theodore Manne,41,3,1,5,M
570,570,Tristan Cherian,28,9,1,2,M
571,571,Lohit Mangal,54,3,3,1,F
572,572,Raksha Wali,20,2,2,5,F
573,573,Max Dey,33,2,2,6,M
574,574,Varenya Ramakrishnan,30,9,1,2,M
575,575,Lekha Raja,50,5,2,6,F
576,576,Alka Dani,32,6,1,4,M
577,577,Ansh Ganesh,28,5,2,2,F
578,578,Onkar Vasa,37,3,1,3,M
579,579,Naksh Nigam,25,9,1,6,M
580,580,Omaja Batta,35,7,2,7,M
581,581,Chandresh Deshpande,34,9,2,7,M
582,582,Hitesh Bahl,73,4,1,8,F
583,583,Chatresh Narain,29,2,7,4,F
584,584,Baghyawati Kala,34,8,1,8,M
585,585,Chameli Devan,38,6,1,1,M
586,586,Indira Hegde,39,4,1,6,M
587,587,Krishna Vasa,49,6,1,7,F
588,588,Chakradhar Swamy,60,1,7,8,M
589,589,Aradhana Deep,25,2,1,9,F
590,590,Neelima Sarin,41,3,1,9,F
591,591,Wridesh Sampath,33,6,1,1,F
592,592,Fiyaz Pathak,40,6,1,9,F
593,593,Hardik Murty,50,5,1,2,M
594,594,Akshay Chacko,57,5,1,3,F
595,595,Orinder Amble,47,7,7,5,M
596,596,Mason Sethi,40,7,7,9,M
597,597,Yashawini Jani,49,8,1,5,M
598,598,Aarna Parekh,25,1,7,6,M
599,599,Sai Menon,26,2,3,9,F
600,600,Gaurang Om,38,2,1,2,F
601,601,Wazir Narayanan,51,6,1,2,M
602,602,Damini Garg,32,4,1,2,M
603,603,Chaaya Dara,33,5,1,9,F
604,604,Balhaar Lata,18,2,2,9,F
605,605,Garima Shukla,67,9,1,9,F
606,606,Darpan Saha,33,2,4,1,M
607,607,Kiaan Chaudhuri,18,7,1,6,M
608,608,Urmi Salvi,38,1,1,2,F
609,609,Leena Bala,42,1,1,8,M
610,610,Aayush Krish,33,6,1,2,M
611,611,Imaran Iyengar,24,9,4,4,M
612,612,Indira Swamy,47,3,1,2,F
613,613,Darika Vig,46,1,1,3,M
614,614,Ekaja Lalla,42,9,1,7,M
615,615,Qabil Randhawa,26,9,3,4,M
616,616,Samaksh Radhakrishnan,28,4,1,4,F
617,617,Peter D’Alia,31,7,1,9,M
618,618,Anusha Balakrishnan,30,3,1,7,F
619,619,Alka Chopra,44,5,1,2,F
620,620,Dhruv Sodhi,30,5,1,8,M
621,621,Yashvi Kota,23,2,1,4,F
622,622,Zansi Barad,41,3,1,2,F
623,623,Finn Mohanty,66,4,1,1,M
624,624,Yamini Kapoor,25,4,2,2,F
625,625,Anirudh Naidu,26,3,7,5,F
626,626,Bimala Sampath,34,1,1,2,F
627,627,Lakshmi Shenoy,45,1,1,6,M
628,628,Zehaan Bhandari,43,3,1,2,F
629,629,Anusha Swamy,34,6,7,7,F
630,630,Gautam Shah,30,5,1,4,F
631,631,Jeevika Wali,63,3,1,6,M
632,632,Avni Prasad,50,4,1,5,M
633,633,Vidhi Wali,58,5,1,8,M
634,634,Bahadurjit Mutti,45,1,2,9,M
635,635,Rayaan Parikh,34,7,1,5,M
636,636,Peter Badal,41,5,1,1,M
637,637,Watika Uppal,59,9,1,8,M
638,638,Guneet Dyal,42,4,1,5,F
639,639,Aashi Mani,18,7,1,8,M
640,640,Gopal Doctor,54,3,1,4,F
641,641,Shivani Dayal,55,7,1,9,M
642,642,Damyanti Bawa,52,3,1,6,M
643,643,Watika Sharaf,18,2,1,9,F
644,644,Varenya Iyer,41,7,1,2,M
645,645,Theodore Garde,49,5,1,4,F
646,646,Dalbir Deshmukh,36,9,3,9,F
647,647,Hardik Naik,40,8,7,1,M
648,648,Hardik Zachariah,43,1,1,9,M
649,649,Hiral Chand,25,6,1,4,M
650,650,Oscar Kalita,42,5,2,7,M
651,651,Arunima Master,23,5,1,7,F
652,652,Lajita Ghosh,34,6,1,8,F
653,653,Viraj Chauhan,28,4,1,6,M
654,654,Jack Borde,47,4,1,8,M
655,655,Ryan Loyal,44,9,1,2,M
656,656,Jeevika Nayar,43,3,1,1,M
657,657,Inaya Thaman,39,7,1,2,M
658,658,Faras Chacko,41,9,1,3,M
659,659,Nisha Buch,62,4,1,2,M
660,660,Gopal Sanghvi,53,1,5,7,M
661,661,Faraj Parmar,23,5,1,8,F
662,662,Tristan Oommen,29,2,1,4,F
663,663,Fitan Madan,33,2,2,9,F
664,664,Finn Issac,32,4,1,5,M
665,665,Jason Sandhu,25,1,5,8,F
666,666,Bhavna Merchant,43,4,2,6,M
667,667,Thomas Lala,35,9,1,5,M
668,668,Praneel Pingle,38,6,5,8,M
669,669,Joshua Basu,18,3,1,2,F
670,670,Gagan Kumar,18,1,1,4,M
671,671,Ladli Bhatia,28,3,1,1,F
672,672,Chandani Mammen,43,4,2,4,M
673,673,Onkar Shere,42,8,1,8,M
674,674,Harshil Raghavan,49,3,1,4,M
675,675,Mason Singhal,26,5,3,7,M
676,676,Adweta Ram,44,2,3,3,M
677,677,Jagdish Dhingra,55,1,1,1,M
678,678,Wriddhish Sehgal,48,7,1,3,M
679,679,Nitesh Sagar,19,3,1,7,M
680,680,Nachiket Chadha,50,3,1,9,F
681,681,Tanmayi Ghose,40,9,6,6,F
682,682,Krisha Bhavsar,41,3,2,9,F
683,683,Siya Ben,68,4,6,7,M
684,684,Damyanti Gade,39,8,1,5,F
685,685,Ishani Ranganathan,44,1,1,5,M
686,686,Tanish Bahl,37,9,1,2,F
687,687,Bhanumati Tailor,32,2,2,3,F
688,688,Warinder Yadav,40,4,2,9,F
689,689,Tara Suresh,30,2,1,7,F
690,690,Zehaan Madan,37,3,1,3,M
691,691,Pranit Sachar,32,4,2,4,F
692,692,Priya Modi,18,9,3,9,F
693,693,Atharv Gandhi,29,4,1,2,M
694,694,Ubika Singh,48,9,1,5,M
695,695,Yutika Borah,42,3,2,1,M
696,696,Tanay Bal,32,4,1,4,F
697,697,Tristan Kale,37,2,1,8,M
698,698,Thomas Solanki,25,9,1,6,M
699,699,Joshua Kala,26,5,7,6,M
700,700,Yashasvi Varghese,36,1,2,1,F
701,701,Xalak Natt,33,1,1,3,F
702,702,Abhimanyu Bava,26,2,1,4,M
703,703,Nitesh Virk,35,2,1,9,F
704,704,Amara Kade,21,1,2,1,F
705,705,Pahal Bhatt,56,6,1,2,F
706,706,Eiravati Wali,47,9,1,5,M
707,707,Harish Dixit,18,2,1,3,F
708,708,Samarth Hora,46,9,1,8,M
709,709,Joshua D’Alia,31,2,1,5,M
710,710,Anika Rana,28,1,1,8,M
711,711,Tanveer Dhingra,45,7,1,1,M
712,712,Vedhika Behl,34,1,1,4,M
713,713,Darpan Divan,30,6,1,9,M
714,714,Bhanumati Chopra,18,3,1,2,M
715,715,Oviya Bhatt,47,3,2,9,M
716,716,Bhavya Mutti,49,6,1,1,M
717,717,William Halder,38,3,2,7,F
718,718,Omaja Sagar,20,9,2,8,M
719,719,Nisha Wali,39,4,1,9,M
720,720,Elijah Palla,44,6,2,1,F
721,721,Vamakshi Buch,35,9,1,2,M
722,722,Vedhika Deep,47,1,5,7,M
723,723,Aarna Dutt,38,9,1,9,F
724,724,Rajata Chhabra,39,1,1,5,F
725,725,Waida Samra,55,3,1,8,M
726,726,Jagdish Ganesh,29,4,1,7,F
727,727,Warhi Varma,18,4,1,2,M
728,728,Barkha Bandi,33,4,1,2,M
729,729,Vasana Nanda,28,7,1,5,F
730,730,Udant Kulkarni,18,9,1,5,M
731,731,Prisha Madan,44,3,1,7,F
732,732,Varsha Mistry,36,3,1,9,M
733,733,Mekhala Magar,18,2,1,5,M
734,734,Balendra Parsa,56,1,2,5,F
735,735,Ekaraj Pall,26,7,1,6,F
736,736,Baljiwan Panchal,27,1,1,4,F
737,737,Aadi Upadhyay,48,6,1,3,M
738,738,Yuvraj Dugar,41,1,1,8,M
739,739,Reyansh Badal,50,7,2,5,M
740,740,Aashi Mand,18,9,1,1,F
741,741,Fiyaz Shanker,32,2,1,9,F
742,742,Anirudh Subramaniam,37,9,1,5,M
743,743,Abha Agarwal,52,3,1,1,F
744,744,Liam Lala,25,6,1,1,F
745,745,Ucchal Arya,31,5,1,4,M
746,746,Ranbir Nayar,37,6,1,9,M
747,747,Zehaan Sahota,45,6,4,2,M
748,748,Sanaya Tata,21,4,2,2,M
749,749,Ayaan Vohra,46,8,1,2,M
750,750,Eta Naidu,28,4,1,2,F
751,751,Robert Dave,40,4,1,3,M
752,752,Dhriti Iyengar,33,6,7,1,F
753,753,Vinaya Datta,39,1,2,2,F
754,754,Abhiram Mittal,38,9,1,6,F
755,755,Chaitanya Chhabra,52,2,1,9,F
756,756,Ojas Balakrishnan,32,9,2,9,F
757,757,Chaitaly Soman,32,1,5,4,F
758,758,Jacob Ahuja,49,1,1,6,F
759,759,Kritika Bora,54,2,1,9,F
760,760,Jai Wason,30,4,1,6,M
761,761,Ijaya Kale,45,8,1,5,F
762,762,Ekapad Tata,24,2,7,7,F
763,763,Vihaan Wadhwa,45,4,1,6,M
764,764,Bakhshi Kapadia,47,1,1,2,F
765,765,Urmi Thaman,32,9,1,5,M
766,766,Saksham Raju,50,5,1,7,M
767,767,Chatura Nori,32,6,3,3,F
768,768,Ishani Sodhi,36,7,1,3,F
769,769,Om Bal,41,9,1,4,M
770,770,Faqid Peri,23,6,1,2,M
771,771,Ubika Pingle,18,1,1,5,M
772,772,Arya Vig,39,9,1,1,F
773,773,Jagdish Wadhwa,26,1,2,6,M
774,774,Charles Anne,20,7,1,1,M
775,775,Ria Balakrishnan,45,2,1,3,M
776,776,Ria Bath,55,1,5,4,F
777,777,Aarnav Dugal,47,1,1,4,M
778,778,Saanvi D’Alia,20,7,4,2,F
779,779,Vihaan Maharaj,38,1,1,8,M
780,780,Wazir Sheth,31,4,1,3,F
781,781,Chaitanya Minhas,24,5,4,6,M
782,782,Wakeeta Bava,37,7,1,3,M
783,783,Upkaar Narayanan,35,2,1,8,M
784,784,Nakul Ahuja,32,9,1,3,F
785,785,Hredhaan Saxena,48,9,3,5,F
786,786,Advika Bhargava,52,1,1,5,F
787,787,Rajeshri Brahmbhatt,31,1,2,8,F
788,788,Isaac Borde,33,6,1,8,F
789,789,Farhan Vyas,32,9,2,9,M
790,790,Pranav Chana,42,1,1,6,F
791,791,Jalsa Pandya,40,2,1,6,M
792,792,Diya Varma,26,1,1,1,M
793,793,Lopa Keer,34,2,2,5,M
794,794,Eta Malhotra,18,1,2,8,F
795,795,Jeevika Palla,18,3,1,7,F
796,796,Lopa Mukhopadhyay,20,7,3,5,F
797,797,Yahvi Kumar,32,8,1,9,M
798,798,Aishani Balay,43,9,2,7,F
799,799,Zaitra Swaminathan,25,4,1,2,M
800,800,Upma Pal,34,9,4,4,F
801,801,Aarnav Malhotra,38,4,1,4,M
802,802,Ekavir Bhatnagar,55,3,2,7,M
803,803,Abhiram Shankar,36,9,7,1,M
804,804,Ishwar Sood,37,1,7,8,M
805,805,Janani Parmer,28,2,1,7,F
806,806,Baghyawati Krish,59,1,1,3,F
807,807,Dhriti Chowdhury,45,5,1,4,M
808,808,Christopher Thakur,21,4,1,6,F
809,809,Oviya Balasubramanian,55,9,1,9,F
810,810,Warinder Kapur,45,5,2,6,F
811,811,Udarsh Srinivasan,39,2,7,7,M
812,812,Joshua Chanda,44,9,2,3,M
813,813,Daksh Ganguly,50,6,1,3,M
814,814,Libni Kalita,26,5,1,9,M
815,815,Devansh Nori,30,7,1,2,F
816,816,Ikbal Chauhan,35,4,1,8,F
817,817,Nathan Sule,19,2,1,3,F
818,818,Yochana Bava,45,9,1,6,F
819,819,Aayush Chacko,32,2,1,4,F
820,820,Damini Nagy,30,7,1,4,M
821,821,Andrew Singhal,27,5,3,5,F
822,822,Ronith Pillay,35,1,3,3,M
823,823,Chaitanya Choudhry,38,4,1,9,M
824,824,Harrison Basak,48,7,4,7,M
825,825,Advik Nagi,49,1,1,7,M
826,826,Bachittar Sandhu,21,2,1,4,F
827,827,Waida Mannan,41,6,2,1,M
828,828,Vasana Kaur,51,2,1,1,F
829,829,Falan Jayaraman,33,5,1,2,F
830,830,Ranveer Halder,33,6,1,7,F
831,831,Ekaraj Lata,30,9,1,8,F
832,832,Varsha Parikh,42,3,1,6,M
833,833,Bachittar Mand,39,5,1,8,M
834,834,Amruta Kanda,48,5,1,1,F
835,835,Vasatika Kale,34,8,4,7,F
836,836,Diya Hegde,52,7,1,3,M
837,837,Utkarsh Bobal,43,9,2,8,F
838,838,Udarsh Bobal,51,8,5,1,F
839,839,Aarav Sharma,28,2,2,5,M
840,840,Rushil Korpal,56,9,1,5,M
841,841,Ekani Kaul,28,4,1,8,M
842,842,Saksham Deshmukh,29,3,6,6,M
843,843,Chavvi Yadav,30,3,1,7,M
844,844,Harish Munshi,29,9,5,8,M
845,845,Viraj Dewan,60,3,1,2,F
846,846,Zarna Gokhale,42,1,1,4,F
847,847,Madhavi Hegde,42,4,2,6,M
848,848,Adweta Sem,18,8,1,6,M
849,849,Rishi Sule,52,4,1,2,F
850,850,Girik Yogi,22,9,1,5,M
851,851,Bhanumati Saraf,35,3,3,6,M
852,852,Mason Bhasin,26,7,1,1,F
853,853,Wahab Kashyap,39,2,1,5,F
854,854,Teerth Rajagopalan,55,4,1,5,F
855,855,Wahab Karnik,23,7,1,2,F
856,856,Ekaraj Narula,26,8,2,8,F
857,857,Maanav Bassi,37,3,5,2,M
858,858,Samaksh Varma,56,3,1,8,F
859,859,Indrajit Mohan,30,9,2,2,F
860,860,Sanya Oza,26,5,1,7,M
861,861,Kamala Natarajan,38,9,1,8,F
862,862,Janani Lata,36,8,1,7,F
863,863,Yadavi Arya,22,4,3,9,M
864,864,Aditya Sama,30,2,3,3,M
865,865,Devansh Sule,18,6,1,6,M
866,866,Logan Ramaswamy,35,8,6,1,M
867,867,Zashil Mahajan,19,9,2,7,M
868,868,Oni Chokshi,68,2,1,1,M
869,869,Krishna Purohit,43,8,1,7,M
870,870,Frado Bhagat,39,3,3,1,M
871,871,Wakeeta Chaudhry,42,1,1,3,M
872,872,Manya Balan,29,3,1,6,M
873,873,Meghana Prabhu,34,3,1,7,F
874,874,Chanakya Loyal,42,6,1,6,M
875,875,Luke Iyer,23,8,5,5,M
876,876,Alka Bhakta,44,3,2,9,F
877,877,Bishakha Sastry,63,3,1,3,M
878,878,Vihaan De,18,7,7,1,M
879,879,Neel Bandi,42,9,2,5,M
880,880,Watika Salvi,25,9,1,9,F
881,881,Aradhana Toor,44,3,1,1,F
882,882,Aadhya Raj,40,1,6,4,F
883,883,Chasmum Bobal,60,9,1,5,M
884,884,Neelima Misra,58,5,1,5,F
885,885,Maanav Golla,18,6,3,9,M
886,886,Samar Nigam,45,2,1,5,M
887,887,Avi Chakrabarti,45,9,1,1,F
888,888,Ikshita Khanna,51,8,1,3,M
889,889,Harinakshi Wable,42,9,1,7,M
890,890,Lohit Ahluwalia,43,9,2,3,M
891,891,Dhruv Sethi,22,8,1,2,F
892,892,Eiravati Amble,41,2,2,8,M
893,893,Dominic Soman,33,9,1,9,M
894,894,Pranav Saxena,44,7,1,3,F
895,895,Eesha Dass,34,3,1,4,M
896,896,Ranbir Padmanabhan,41,1,2,9,M
897,897,Banjeet Bawa,44,9,1,3,F
898,898,Raksha Lad,44,4,1,5,F
899,899,Farhan Iyer,26,6,2,7,M
900,900,Watika Sodhi,67,6,1,1,M
901,901,Aahana Char,39,2,1,9,M
902,902,Jalsa Lad,44,6,3,5,M
903,903,Ayushman Hora,36,9,1,7,M
904,904,Shivansh Buch,21,6,2,5,M
905,905,Rishi Bora,46,4,1,3,F
906,906,Jagat Vaidya,39,5,2,4,F
907,907,Mahika Ramakrishnan,47,4,1,2,M
908,908,Pranav Khanna,27,3,1,6,M
909,909,Qasim Bhavsar,31,6,2,8,M
910,910,Amol Ramesh,39,6,1,3,M
911,911,Jatin Dayal,36,4,3,4,M
912,912,Rachana Baria,32,6,1,9,M
913,913,Vinaya Gade,39,7,1,1,F
914,914,Robert Mohan,54,8,1,7,F
915,915,Hemangini Sura,41,9,1,6,F
916,916,Ekta Baria,51,5,2,4,M
917,917,Hemangini Dugar,33,5,1,2,F
918,918,Nandini Ray,36,9,2,2,F
919,919,Chandresh Thaman,39,2,5,8,M
920,920,Chandresh Saxena,30,4,1,6,M
921,921,Ranveer Bains,39,5,2,2,F
922,922,Aishani Nagy,56,4,1,2,M
923,923,Neelima Sabharwal,58,8,1,6,M
924,924,Priya Yohannan,53,4,2,6,F
925,925,Daniel Setty,39,4,2,8,F
926,926,Divya Wadhwa,26,9,1,7,M
927,927,Vansha Dutta,67,6,1,5,F
928,928,Upkaar More,29,3,1,2,M
929,929,Panini Murty,55,2,1,6,M
930,930,Chaitanya Sabharwal,40,7,1,2,F
931,931,Chaitanya Sethi,22,9,1,1,F
932,932,Krish Anne,18,3,2,1,M
933,933,Benjamin Kakar,54,3,1,9,M
934,934,Ekiya Keer,28,6,1,3,F
935,935,Chakradev Ganesan,19,9,2,7,M
936,936,Unnati Murty,32,6,3,9,M
937,937,Aashi Kamdar,35,8,1,5,M
938,938,Hritik Balakrishnan,40,3,1,6,M
939,939,Saanvi Dugal,40,5,1,6,F
940,940,Meera Munshi,26,7,7,6,F
941,941,Wakeeta Toor,36,5,1,3,M
942,942,Mekhala Raval,58,2,7,7,F
943,943,Atharv Gupta,22,1,1,1,F
944,944,Triya Batta,42,1,1,5,M
945,945,Lakshmi Bajaj,22,4,1,4,M
946,946,Sarthak Das,30,4,1,2,F
947,947,Urvi Malhotra,50,6,1,1,M
948,948,Chaitanya Taneja,18,8,1,4,F
949,949,Panini Chaudhary,63,7,1,3,F
950,950,Amol Lall,19,5,1,9,M
951,951,Ekapad Vasa,18,7,1,8,M
952,952,Zilmil Sunder,36,4,1,8,F
953,953,Manthan Sarma,30,5,1,3,F
954,954,Advik Iyengar,27,3,1,9,F
955,955,Chandani Sha,44,3,5,5,M
956,956,Garima Keer,23,2,1,3,F
957,957,Gunbir Kanda,43,2,2,4,F
958,958,Zansi Kara,46,3,1,3,F
959,959,Tanveer Sundaram,18,1,1,2,M
960,960,Ekapad Narang,49,1,4,9,M
961,961,Chaman Sharma,46,5,1,4,F
962,962,Edhitha Ravel,56,8,1,9,M
963,963,Urishilla Shankar,36,8,1,2,F
964,964,Tamanna Arya,25,3,2,6,M
965,965,Lakshit Sha,52,6,1,6,M
966,966,Lucky Amble,36,5,1,7,M
967,967,Aarush Bawa,59,1,1,2,M
968,968,Fitan Raja,45,8,1,9,M
969,969,Sneha Chada,35,2,1,9,F
970,970,Aarav Minhas,24,8,7,8,M
971,971,Oni Chahal,34,8,1,4,M
972,972,Ekta Deshpande,48,4,5,3,F
973,973,Gaurang Brahmbhatt,18,1,1,3,M
974,974,Yasti Kale,30,4,2,3,F
975,975,Ekanta Sagar,18,7,2,2,F
976,976,Sachi Chahal,22,4,1,3,M
977,977,Aditya Peri,28,3,1,6,F
978,978,Ojasvi Mahal,32,4,2,9,M
979,979,Eta Bora,40,9,5,5,M
980,980,Finn Nayar,45,8,2,8,F
981,981,Edhitha Shukla,53,8,1,7,M
982,982,Dayita Om,56,1,1,5,F
983,983,Qabil Jha,51,8,1,2,M
984,984,Deepa Aurora,31,8,1,8,M
985,985,Odika Oommen,39,3,1,3,M
986,986,Ucchal Sama,28,4,1,8,F
987,987,Yash Mitter,39,8,2,4,M
988,988,Warinder Narayanan,33,6,1,9,F
989,989,Gopal Sharaf,21,9,1,3,M
990,990,Meghana Thaman,54,2,1,6,M
991,991,Brijesh Deep,58,1,1,3,M
992,992,Ranveer Shere,26,1,1,9,M
993,993,Jasmit Kala,42,8,1,9,F
994,994,Akshay Krish,26,8,1,4,F
995,995,Akshay Kari,34,6,1,6,M
996,996,Harshil Peri,29,9,1,1,F
997,997,Theodore Tella,27,1,1,5,F
998,998,Meera Madan,38,4,5,2,F
999,999,Harsh Badami,18,6,1,2,M
1000,1000,Manbir Lanka,29,3,6,2,M
1001,1001,Victor Singh,85,3,1,3,F
1002,1002,Pahal Atwal,18,6,1,2,M
1003,1003,Yashawini Raju,31,8,1,9,M
1004,1004,Advaith Dada,39,4,5,7,F
1005,1005,Ishani Naidu,33,2,1,8,M
1006,1006,Bhanumati Kuruvilla,26,2,1,1,F
1007,1007,Rayaan Bera,48,3,1,3,M
1008,1008,Nikita Sandhu,37,8,1,3,M
1009,1009,Vedhika Nagarajan,27,2,1,7,M
1010,1010,Urvi Mammen,47,3,5,1,M
1011,1011,Ojas Barad,29,1,1,6,F
1012,1012,Viraj Sinha,24,9,2,4,M
1013,1013,Agastya Kade,43,4,1,4,M
1014,1014,Raagini Kata,19,6,1,1,F
1015,1015,Jagvi Mand,58,8,1,5,F
1016,1016,Rohan Swamy,55,2,1,5,M
1017,1017,Ekani Madan,43,2,1,9,F
1018,1018,Kashish Sinha,28,9,1,6,F
1019,1019,Liam Anne,22,6,7,3,M
1020,1020,Hamsini Mangat,18,7,1,4,F
1021,1021,Yashvi Tara,57,6,7,6,F
1022,1022,Nikita Bakshi,23,2,2,1,F
1023,1023,Max Kant,40,4,2,6,M
1024,1024,Ishanvi Sunder,38,8,2,2,M
1025,1025,Caleb Dora,18,8,1,5,M
1026,1026,Mason Rastogi,28,6,1,9,M
1027,1027,Saanvi Chaudhry,21,5,2,3,M
1028,1028,Yoshita Goel,46,1,1,2,F
1029,1029,Fiyaz Reddy,46,3,1,8,F
1030,1030,Aradhana Guha,32,7,1,3,M
1031,1031,Yashvi Uppal,25,9,1,1,M
1032,1032,Anay Pau,38,1,1,2,M
1033,1033,Rachana Thakkar,50,1,1,3,M
1034,1034,Ekaraj Pant,18,5,1,2,M
1035,1035,Amara Ramachandran,63,5,6,3,F
1036,1036,Anmol Sankar,32,1,1,5,M
1037,1037,Hitesh Gupta,34,1,1,6,F
1038,1038,Aarav Ahuja,56,7,6,8,M
1039,1039,Faras Joshi,35,5,1,6,M
1040,1040,Ishwar Mody,34,6,1,7,F
1041,1041,Anjali Singh,24,4,1,2,M
1042,1042,Madhavi Amble,28,5,1,1,M
1043,1043,Dev Padmanabhan,26,9,1,2,F
1044,1044,Oviya Keer,18,9,1,4,M
1045,1045,Dominic Vala,18,7,1,2,M
1046,1046,Elijah Sarin,32,5,2,2,M
1047,1047,Imaran Om,18,7,1,9,M
1048,1048,Indira Sanghvi,44,2,2,6,M
1049,1049,Yashoda Das,33,3,1,2,F
1050,1050,Tripti Karan,18,1,1,4,M
1051,1051,Shaurya Ramakrishnan,55,7,1,4,M
1052,1052,Aarav Nagarajan,30,4,1,1,F
1053,1053,Arjun Peri,42,5,1,9,F
1054,1054,Hemang Chaudry,57,8,1,7,M
1055,1055,Chavvi Devan,35,4,1,7,M
1056,1056,Ojasvi Dey,36,9,3,6,M
1057,1057,Damyanti Nadig,54,7,1,8,M
1058,1058,Manya Rastogi,32,2,1,6,M
1059,1059,Krishna Swamy,49,4,1,3,F
1060,1060,Xiti Pathak,35,8,5,7,F
1061,1061,Zashil Anand,38,7,2,2,M
1062,1062,Charan Mane,38,2,1,3,F
1063,1063,Edhitha Sarkar,31,8,1,1,F
1064,1064,Aditya Walla,29,7,1,2,M
1065,1065,Praneel Mand,27,6,1,1,F
1066,1066,Ikshita Nair,19,2,1,8,F
1067,1067,Vritti Borra,30,2,5,1,M
1068,1068,Bhavya Yogi,32,5,1,9,F
1069,1069,Gayathri Rattan,41,9,1,5,M
1070,1070,Abdul Banik,34,6,1,2,M
1071,1071,Ekansh Yogi,50,3,1,9,M
1072,1072,Ira Ahuja,49,5,1,8,F
1073,1073,Quincy Suresh,53,7,2,9,F
1074,1074,Oeshi Dara,33,4,1,4,M
1075,1075,Samuel D’Alia,29,8,1,7,M
1076,1076,Faqid Ratti,18,9,2,2,M
1077,1077,Lavanya Raman,53,7,6,3,M
1078,1078,Hemani Sama,20,5,6,8,M
1079,1079,Chandani Bal,24,5,1,3,F
1080,1080,Nakul Jani,38,7,1,9,F
1081,1081,Anmol Dixit,31,5,1,2,F
1082,1082,Dipta Ganguly,54,8,2,2,F
1083,1083,Saksham Suri,26,5,1,7,F
1084,1084,Aachal Chandra,36,3,1,8,M
1085,1085,Ishanvi Bhardwaj,18,8,2,9,F
1086,1086,Harini Khalsa,52,2,1,1,F
1087,1087,Jai Yohannan,18,1,1,5,M
1088,1088,Jagrati Badami,68,9,6,2,M
1089,1089,Barkha Palla,34,9,1,8,F
1090,1090,Nihal Sundaram,32,2,1,8,F
1091,1091,Falak Kata,35,9,1,5,F
1092,1092,Utkarsh Nayak,22,9,1,2,F
1093,1093,Nirja Balay,44,7,4,5,M
1094,1094,Simon Nadig,30,3,2,8,F
1095,1095,Yug Dugal,31,6,1,4,M
1096,1096,Gaurav Balay,52,8,7,6,M
1097,1097,Sathvik Nadig,18,1,1,1,F
1098,1098,Bahadurjit Behl,33,5,1,7,M
1099,1099,Hritik Khalsa,34,8,1,3,F
1100,1100,Jagvi Dugal,37,7,1,5,M
1101,1101,Shravya Handa,28,2,2,2,F
1102,1102,Tripti Divan,31,9,4,5,F
1103,1103,Barkha Bhatnagar,60,7,1,9,M
1104,1104,Alexander Bhatia,42,7,1,8,F
1105,1105,Janani Tripathi,25,1,1,6,M
1106,1106,Umang Char,44,2,1,2,F
1107,1107,Xiti Char,36,7,1,7,M
1108,1108,Laban Setty,45,9,1,3,M
1109,1109,Irya Bhagat,33,9,1,6,F
1110,1110,Udarsh Balasubramanian,25,6,1,8,M
1111,1111,Nitesh Sachar,18,7,1,1,F
1112,1112,Rayaan Lata,50,7,2,5,F
1113,1113,Leela Ratta,44,7,1,4,F
1114,1114,Ryan Reddy,40,7,1,8,M
1115,1115,Michael Banerjee,44,3,1,1,M
1116,1116,Barkha Narayanan,52,6,1,3,M
1117,1117,Vaishnavi Ghosh,18,6,1,4,F
1118,1118,Kai Srinivas,37,7,1,9,M
1119,1119,Gabriel Kumer,18,9,7,4,M
1120,1120,Ishwar Cherian,30,7,1,9,M
1121,1121,Adweta Venkatesh,40,1,4,3,F
1122,1122,Zayan Trivedi,31,7,1,9,M
1123,1123,Azaan Mitter,58,2,1,2,M
1124,1124,Yatin Oak,32,2,1,2,M
1125,1125,Qarin Yohannan,25,4,1,3,F
1126,1126,Manya Dubey,36,4,2,2,M
1127,1127,Advay Ghosh,22,8,2,1,M
1128,1128,Aarnav Narayanan,24,4,1,5,M
1129,1129,Ekbal Bobal,48,9,1,6,F
1130,1130,Wazir Hegde,48,1,5,6,F
1131,1131,Ayaan Brar,38,5,2,8,M
1132,1132,Keya Chakraborty,43,2,1,7,M
1133,1133,Lakshmi Dhar,63,1,3,5,M
1134,1134,Pallavi Sarna,35,7,1,2,M
1135,1135,Zaitra Nagy,24,8,4,2,F
1136,1136,Yasti Maharaj,42,3,2,9,M
1137,1137,Bishakha Bedi,46,9,1,9,M
1138,1138,Vincent More,48,1,3,8,F
1139,1139,Isha Dua,50,3,1,2,M
1140,1140,Dipta Dixit,48,7,1,2,F
1141,1141,Zashil Kashyap,42,6,1,7,F
1142,1142,Anika Tak,44,5,1,9,F
1143,1143,Karan Patla,41,4,1,7,F
1144,1144,Raghav Batra,18,9,1,9,M
1145,1145,Sachi Natarajan,18,5,1,2,M
1146,1146,Wakeeta Pau,22,5,7,1,M
1147,1147,Amaira Apte,46,3,2,3,M
1148,1148,Rajeshri Sahni,30,8,7,4,F
1149,1149,Robert Ravi,37,7,4,1,M
1150,1150,David Krishnan,56,2,1,7,F
1151,1151,Balvan Soman,50,1,1,9,F
1152,1152,Qushi Sridhar,18,9,2,4,M
1153,1153,Megha Lata,45,4,1,3,M
1154,1154,Netra Kumer,36,5,1,1,M
1155,1155,Aradhana Sen,27,1,1,5,F
1156,1156,Nathaniel Bose,31,5,1,5,M
1157,1157,Riya Mani,31,5,5,7,F
1158,1158,Nisha Kibe,18,5,2,9,F
1159,1159,Yashoda Prakash,39,7,1,1,M
1160,1160,Nicholas Ben,64,7,1,1,F
1161,1161,Divya Gupta,49,5,1,6,M
1162,1162,Anita Chaudhry,18,8,1,1,M
1163,1163,Mugdha Brar,39,5,2,4,M
1164,1164,Chakradev Bava,39,9,2,1,M
1165,1165,Ekavir Sani,23,4,3,6,M
1166,1166,Sanaya Mital,20,7,3,3,F
1167,1167,Viraj Mohanty,47,3,2,6,F
1168,1168,Adya Sawhney,37,1,1,6,F
1169,1169,Panini Rana,29,6,1,1,M
1170,1170,Vrinda Sahni,43,7,1,3,M
1171,1171,Yoshita Prasad,63,3,1,8,M
1172,1172,Isaiah Tank,39,8,1,8,M
1173,1173,Udarsh Mann,39,3,2,2,M
1174,1174,Jonathan Bhakta,35,2,1,5,F
1175,1175,Pranit Dhingra,30,2,1,9,F
1176,1176,Hredhaan Tella,46,5,1,9,F
1177,1177,Nikita Comar,33,1,1,9,M
1178,1178,Kamya Babu,42,8,1,7,M
1179,1179,Isaac Sodhi,55,8,7,3,M
1180,1180,Ansh Chaudhry,45,2,1,6,M
1181,1181,Aashi Rege,19,1,5,5,M
1182,1182,Timothy Dey,18,7,2,3,F
1183,1183,Mohammed Bajwa,52,7,1,2,F
1184,1184,David Hayer,34,1,1,5,M
1185,1185,Vasana Iyengar,39,8,1,7,M
1186,1186,Harini Thaker,25,7,3,9,M
1187,1187,Hitesh Nayak,44,9,1,3,M
1188,1188,Samaksh Yadav,60,5,6,3,M
1189,1189,Ganga Mody,37,2,1,4,M
1190,1190,Brijesh Kari,44,5,1,5,M
1191,1191,Nisha Anne,52,7,1,6,M
1192,1192,Mohini Dhawan,57,8,1,3,F
1193,1193,Eesha Ramachandran,27,2,1,4,M
1194,1194,Deepa Magar,41,8,1,9,F
1195,1195,Warda Naidu,52,8,1,2,M
1196,1196,Sudiksha Pant,56,7,2,4,F
1197,1197,Oscar Garde,30,3,1,1,M
1198,1198,Alka Mangat,27,9,1,3,F
1199,1199,Naksh Menon,33,8,1,1,F
1200,1200,Hemangini Sood,31,1,2,2,F
